Date,GOOG,AAPL,MSFT,AMZN,NASDAQ
2017-12-04,49.933997999999995,40.3657,76.35424,56.697497999999996,6775.370117
2017-12-05,50.2575,40.327663,76.834518,57.078499,6762.209961
2017-12-06,50.918999,40.177895,77.95517,57.6175,6776.379883
2017-12-07,51.546501,40.251579,77.68205999999999,57.989498,6812.839844
2017-12-08,51.852501000000004,40.26347,79.254715,58.099998,6840.080078
2017-12-11,52.055,41.047965999999995,80.262375,58.445999,6875.080078
2017-12-12,52.023998,40.817368,80.591972,58.254002,6862.319823999999
2017-12-13,52.030499,40.952873,80.375351,58.206501,6875.799805
2017-12-14,52.4575,40.940979,79.753822,58.713001,6856.529785
2017-12-15,53.209499,41.357009999999995,81.787933,58.957001,6936.580078
2017-12-18,53.856998,41.939426,81.345314,59.528999,6994.759765999999
2017-12-19,53.534,41.492508,80.827393,59.368999,6963.850098000001
2017-12-20,53.247501,41.447353,80.535461,58.881001,6960.959961
2017-12-21,53.181499,41.604237,80.516602,58.737999,6965.359863
2017-12-22,53.006001,41.604237,80.52604699999999,58.417999,6959.959961
2017-12-26,52.837002000000005,40.54874,80.42244000000001,58.838001,6936.25
2017-12-27,52.468498,40.555878,80.714378,59.112999,6939.339844
2017-12-28,52.407001,40.669983,80.723801,59.305,6950.160156
2017-12-29,52.32,40.230185999999996,80.554298,58.473499,6903.390137
2018-01-02,53.25,40.950493,80.940414,59.4505,7006.899901999999
2018-01-03,54.124001,40.943366999999995,81.31706199999999,60.209998999999996,7065.529785
2018-01-04,54.32,41.133540999999994,82.032799,60.4795,7077.910156
2018-01-05,55.1115,41.601864,83.049828,61.457001,7136.560059
2018-01-08,55.347,41.447353,83.134613,62.343498,7157.390137
2018-01-09,55.313,41.442589,83.078094,62.634997999999996,7163.580078
2018-01-10,55.130501,41.433079,82.701408,62.716499,7153.569823999999
2018-01-11,55.276001,41.668419,82.946236,63.834,7211.779785
2018-01-12,56.112999,42.098701,84.37763199999999,65.260002,7261.060059
2018-01-16,56.088001,41.884747,83.20051600000001,65.24299599999999,7223.689941
2018-01-17,56.598999,42.576534,84.886185,64.75,7298.279785
2018-01-18,56.489498,42.614571000000005,84.848518,64.666,7296.049805
2018-01-19,56.8755,42.424385,84.754333,64.728996,7336.379883
2018-01-22,57.790501,42.077315999999996,86.27050799999999,66.365501,7408.029785
2018-01-23,58.498501,42.086822999999995,86.543602,68.126999,7460.290039
2018-01-24,58.212002000000005,41.416439000000004,86.46826899999999,67.875504,7415.060059
2018-01-25,58.518501,40.677116,86.94854000000001,68.897499,7411.160156
2018-01-26,58.792,40.772205,88.57769,70.102501,7505.77002
2018-01-29,58.778999,39.92828,88.445862,70.884003,7466.509765999999
2018-01-30,58.184502,39.692932,87.334641,71.890999,7402.47998
2018-01-31,58.497002,39.802284,89.472321,72.54450200000001,7411.47998
2018-02-01,58.384997999999996,39.885487,88.76604499999999,69.5,7385.859863
2018-02-02,55.595001,38.15485,86.430588,71.497498,7240.950195
2018-02-05,52.790001000000004,37.20158,82.870918,69.5,6967.529785
2018-02-06,54.029999,38.756298,86.006821,72.141998,7115.879883
2018-02-07,52.429001,37.92662,84.387062,70.83899699999999,7051.97998
2018-02-08,50.076,36.883018,80.055176,67.525002,6777.160156
2018-02-09,51.889,37.33416,83.040405,66.980003,6874.490234000001
2018-02-12,52.597,38.837933,83.935051,69.311501,6981.959961
2018-02-13,52.605,39.22699,84.594238,70.725502,7013.509765999999
2018-02-14,53.485001000000004,39.950233000000004,85.918839,72.552498,7143.620117
2018-02-15,54.476002,41.291706,87.669197,73.087997,7256.430176000001
2018-02-16,54.740002000000004,41.158039,87.044754,72.434502,7239.470215
2018-02-20,55.123001,41.019596,87.725967,73.417503,7234.310059
2018-02-21,55.567001,40.833412,86.562218,74.146004,7218.22998
2018-02-22,55.331501,41.174751,86.789299,74.266998,7210.089844
2018-02-23,56.3395,41.89082,88.993774,75.0,7337.390137
2018-02-26,57.1875,42.719097,90.28054,76.097504,7421.459961
2018-02-27,55.914501,42.580662,89.126251,75.59899899999999,7330.350098000001
2018-02-28,55.2365,42.516201,88.719406,75.622498,7273.009765999999
2018-03-01,53.476002,41.771473,87.84897600000001,74.672501,7180.560059
2018-03-02,53.945999,42.060303000000005,88.038208,75.012497,7257.870117
2018-03-05,54.546501,42.205909999999996,88.596397,76.18049599999999,7330.709961
2018-03-06,54.752998,42.170101,88.293633,76.88200400000001,7372.009765999999
2018-03-07,55.481998,41.778636999999996,88.804565,77.25,7396.649901999999
2018-03-08,56.299999,42.234547,89.343864,77.593002,7427.950195
2018-03-09,58.001999,42.960178000000006,91.340225,78.94450400000001,7560.810059
2018-03-12,58.224998,43.3755,91.557816,79.91950200000001,7588.319823999999
2018-03-13,56.908501,42.95779,89.324936,79.408997,7511.009765999999
2018-03-14,57.474499,42.592587,88.795105,79.550003,7496.810059
2018-03-15,57.479,42.642712,89.10734599999999,79.115997,7481.740234000001
2018-03-16,56.786499,42.492340000000006,89.5047,78.584,7481.990234000001
2018-03-19,54.991001000000004,41.843090000000004,87.886803,77.246498,7344.240234000001
2018-03-20,54.885502,41.828765999999995,88.113876,79.3255,7364.299805
2018-03-21,54.543999,40.881153000000005,87.49889399999999,79.093002,7345.290039
2018-03-22,52.453998999999996,40.303505,84.953773,77.246002,7166.680176000001
2018-03-23,51.078499,39.370209,82.484375,74.778,6992.669922
2018-03-26,52.6605,41.239197,88.728859,77.792999,7220.540039
2018-03-27,50.255001,40.18177,84.651016,74.852501,7008.810059
2018-03-28,50.228001,39.737804,84.57531,71.570999,6949.22998
2018-03-29,51.5895,40.0481,86.35405,72.366997,7063.450195
2018-04-02,50.323502000000005,39.785545,83.752167,68.599503,6870.120117
2018-04-03,50.670502,40.193709999999996,84.878098,69.602501,6941.279785
2018-04-04,51.257,40.962303000000006,87.356987,70.528503,7042.109863
2018-04-05,51.390499,41.246346,87.404282,72.587502,7076.549805
2018-04-06,50.352001,40.19133,85.370087,70.26149699999999,6915.109863
2018-04-09,50.772498999999996,40.589939,85.880997,70.304001,6950.339844
2018-04-10,51.582001,41.35376,87.87735,71.810997,7094.299805
2018-04-11,50.998501,41.160419,86.912277,71.352501,7069.029785
2018-04-12,51.6255,41.566204,88.539642,72.425003,7140.25
2018-04-13,51.463501,41.707035,88.066582,71.539497,7106.649901999999
2018-04-16,51.898998,41.967197,89.097862,72.074997,7156.279785
2018-04-17,53.708,42.544853,90.895531,75.191498,7281.100098000001
2018-04-18,53.604,42.449368,91.245598,76.391998,7295.240234000001
2018-04-19,54.384997999999996,41.246346,90.933388,77.845497,7238.060059
2018-04-20,53.647999,39.556396,89.883163,76.374496,7146.129883
2018-04-23,53.372501,39.441826,90.21431,75.89299799999999,7128.600098000001
2018-04-24,50.999001,38.892826,88.104424,73.004501,7007.350098000001
2018-04-25,51.058997999999995,39.062302,87.33805100000001,73.008499,7003.740234000001
2018-04-26,52.001999,39.198357,89.183022,75.898003,7118.680176000001
2018-04-27,51.502499,38.744839,90.658997,78.630997,7119.799805
2018-04-30,50.866501,39.446598,88.48288000000001,78.306503,7066.27002
2018-05-01,51.865501,40.363186,89.883163,79.112999,7130.700195
2018-05-02,51.219002,42.146233,88.473434,78.484001,7100.899901999999
2018-05-03,51.186001,42.222603,89.00325,78.603996,7088.149901999999
2018-05-04,52.4105,43.879146999999996,90.034538,79.047501,7209.620117
2018-05-07,52.739498,44.196609,91.03744499999999,80.00700400000001,7265.209961
2018-05-08,52.695499,44.40905,90.649521,79.619499,7266.899901999999
2018-05-09,54.138,44.721745,91.718681,80.400002,7339.910156
2018-05-10,54.878502000000005,45.361435,92.636436,80.454002,7404.970215
2018-05-11,54.912997999999995,45.188915,92.437721,80.1455,7402.879883
2018-05-14,55.009997999999996,45.083496000000004,92.749962,80.077003,7411.319823999999
2018-05-15,53.961498,44.673744,92.078209,78.806,7351.629883
2018-05-16,54.088501,45.090668,92.31575,79.363998,7398.299805
2018-05-17,53.929501,44.805531,91.39404300000001,79.087997,7382.470215
2018-05-18,53.318001,44.642593,91.565102,78.718498,7354.339844
2018-05-21,53.979,44.958881,92.743378,79.273003,7394.040039
2018-05-22,53.4865,44.846268,92.64834599999999,79.07,7378.459961
2018-05-23,53.984501,45.133808,93.750641,80.093002,7425.959961
2018-05-24,53.962002000000005,45.083496000000004,93.418037,80.153503,7424.430176000001
2018-05-25,53.783001,45.186512,93.465546,80.5075,7433.850098000001
2018-05-29,53.015999,45.023586,93.13298,80.643501,7396.589844
2018-05-30,53.389998999999996,44.927734,94.02619200000001,81.244499,7462.450195
2018-05-31,54.2495,44.776779,93.921654,81.481003,7442.120117
2018-06-01,55.974998,45.584282,95.77464300000001,82.077003,7554.330078
2018-06-04,56.9645,45.965267,96.61084699999999,83.26349599999999,7606.459961
2018-06-05,56.983002,46.319889,97.104973,84.817497,7637.859863
2018-06-06,56.844002,46.480438,97.390038,84.787498,7689.240234000001
2018-06-07,56.193001,46.355843,95.860168,84.464996,7635.069823999999
2018-06-08,56.043499,45.934124,96.57283000000001,84.199501,7645.509765999999
2018-06-11,56.4995,45.821503,96.02170600000001,84.456001,7659.930176000001
2018-06-12,56.966,46.073097,96.26876800000001,84.9375,7703.790039
2018-06-13,56.739498,45.694496,95.831642,85.24299599999999,7695.700195
2018-06-14,57.605999,45.71846,96.373276,86.193001,7761.040039
2018-06-15,57.612999,45.248821,95.147469,85.7985,7746.379883
2018-06-18,58.673,45.22485,95.841164,86.189499,7747.029785
2018-06-19,58.403,44.494038,95.841164,86.738998,7725.589844
2018-06-20,58.492001,44.688117999999996,96.800896,87.503998,7781.509765999999
2018-06-21,57.882999,44.438927,96.107239,86.511002,7712.950195
2018-06-22,57.773998,44.309521000000004,95.413551,85.783501,7692.819823999999
2018-06-25,56.240501,43.650589000000004,93.494057,83.157501,7532.009765999999
2018-06-26,55.923,44.19212,94.149727,84.554497,7561.629883
2018-06-27,55.199001,44.127426,92.68634,83.025497,7445.080078
2018-06-28,55.710999,44.448509,93.722107,85.072502,7503.680176000001
2018-06-29,55.782501,44.355061,93.70314,84.989998,7510.299805
2018-07-02,56.373001,44.851055,95.033455,85.689003,7567.689941
2018-07-03,55.144501,44.069912,94.121208,84.697998,7502.669922
2018-07-05,56.213501,44.424541,94.79588299999999,84.98650400000001,7586.430176000001
2018-07-06,57.008499,45.040356,96.126228,85.531502,7688.390137
2018-07-09,57.702498999999996,45.665749,96.781898,86.95099599999999,7756.200195
2018-07-10,57.641998,45.610638,97.038452,87.153503,7759.200195
2018-07-11,57.695,45.018786999999996,96.905426,87.75,7716.609863
2018-07-12,59.174,45.773579,99.005455,89.831001,7823.919922
2018-07-13,59.441002000000005,45.845459000000005,100.183746,90.65149699999999,7825.97998
2018-07-16,59.193001,45.744820000000004,99.689621,91.124496,7805.720215
2018-07-17,59.939999,45.87421,100.677864,92.196503,7855.120117
2018-07-18,59.793999,45.622612,99.889183,92.146004,7854.439941
2018-07-19,59.348,45.977249,99.204987,90.648499,7825.299805
2018-07-20,59.245499,45.871821999999995,100.981941,90.684998,7820.200195
2018-07-23,60.275002,45.912552000000005,102.597359,90.099998,7841.870117
2018-07-24,62.403999,46.245625,102.30278,91.461998,7840.77002
2018-07-25,63.185001,46.681713,105.315041,93.18049599999999,7932.240234000001
2018-07-26,63.4165,46.535553,104.16526,90.400002,7852.180176000001
2018-07-27,61.924999,45.761593,102.321793,90.86350300000001,7737.419922
2018-07-30,60.987,45.505207,100.12674,88.960999,7630.0
2018-07-31,60.862999,45.59626,100.801407,88.872002,7671.790039
2018-08-01,61.0005,48.282333,100.991455,89.858498,7707.290039
2018-08-02,61.307499,49.69368,102.217262,91.716499,7802.689941
2018-08-03,61.185501,49.837429,102.663857,91.164497,7812.009765999999
2018-08-06,61.238499,50.096233000000005,102.749382,92.387497,7859.680176000001
2018-08-07,62.111,49.626579,103.462082,93.124001,7883.660156
2018-08-08,62.280499,49.660121999999994,104.041718,94.32599599999999,7888.330078
2018-08-09,62.455002,50.050694,104.212761,94.92600300000001,7891.779785
2018-08-10,61.880501,49.901619000000004,103.576111,94.315002,7839.109863
2018-08-13,61.7505,50.223827,102.825401,94.809998,7819.709961
2018-08-14,62.105,50.435421000000005,104.108238,95.98249799999999,7870.890137
2018-08-15,60.719002,50.553249,102.696472,94.130997,7774.120117
2018-08-16,60.324501,51.293858,102.677391,94.32599599999999,7806.52002
2018-08-17,60.048,52.318191999999996,102.620163,94.111,7816.330078
2018-08-20,60.3885,51.80843,101.942894,93.835503,7821.009765999999
2018-08-21,60.081001,51.707423999999996,101.093941,94.170998,7859.169922
2018-08-22,60.366501,51.709843,102.12413000000001,95.245003,7889.100098000001
2018-08-23,60.269001,51.815639000000004,102.601074,95.144997,7878.459961
2018-08-24,61.032501,51.976749,103.40235899999999,95.269501,7945.97998
2018-08-27,62.091,52.404742999999996,104.547028,96.384003,8017.899901999999
2018-08-28,61.557499,52.827953,105.17662,96.640999,8030.040039
2018-08-29,62.465,53.616638,106.855469,99.904999,8109.689941
2018-08-30,61.956001,54.109577,106.78868100000001,100.119003,8088.359863
2018-08-31,60.9095,54.734756000000004,107.151169,100.635498,8109.540039
2018-09-04,59.849998,54.91029,106.55974599999999,101.975502,8091.25
2018-09-05,59.324001,54.552009999999996,103.48819,99.740997,7995.169922
2018-09-06,58.571999,53.6455,103.726669,97.915497,7922.72998
2018-09-07,58.241501,53.212685,103.2211,97.6035,7902.540039
2018-09-10,58.231998,52.498523999999996,104.337166,96.9505,7924.160156
2018-09-11,58.868,53.82584,106.11142,99.35749799999999,7972.470215
2018-09-12,58.140999,53.157379000000006,106.55974599999999,99.5,7954.22998
2018-09-13,58.766498999999996,54.44141,107.70443,99.4935,8013.709961
2018-09-14,58.626499,53.823432999999994,108.14321899999999,98.509499,8010.040039
2018-09-17,57.802502000000004,52.390331,106.969917,95.40149699999999,7895.790039
2018-09-18,58.061001,52.476882999999994,107.990601,97.052498,7956.109863
2018-09-19,58.554501,52.508141,106.55020900000001,96.320999,7950.040039
2018-09-20,59.343498,52.907309999999995,108.333992,97.214996,8028.22998
2018-09-21,58.304501,52.337421,108.992195,95.750504,7986.959961
2018-09-24,58.668499,53.090042000000004,109.383293,96.718002,7993.25
2018-09-25,59.232498,53.42668199999999,109.173424,98.727501,8007.470215
2018-09-26,59.024502000000005,53.001082999999994,108.725098,98.7425,7990.370117
2018-09-27,59.731998,54.090336,109.135269,100.649002,8041.970215
2018-09-28,59.6735,54.28029599999999,109.097122,100.150002,8046.350098000001
2018-10-01,59.765499,54.645790000000005,110.27996100000001,100.218002,8037.299805
2018-10-02,60.005501,55.13150400000001,109.84115600000001,98.565498,7999.549805
2018-10-03,60.147498999999996,55.802387,109.86023700000001,97.638,8025.089844
2018-10-04,58.4095,54.821327000000004,107.589973,95.471001,7879.509765999999
2018-10-05,57.8675,53.931641000000006,106.960388,94.48249799999999,7788.450195
2018-10-08,57.448502000000005,53.80661,105.739403,93.221001,7735.950195
2018-10-09,56.941002000000005,54.552009999999996,107.084396,93.515999,7738.02002
2018-10-10,54.061001,52.024834000000006,101.265617,87.762497,7422.049805
2018-10-11,53.966,51.565567,101.02714499999999,85.968002,7329.060059
2018-10-12,55.504002,53.40744,104.518417,89.43049599999999,7496.890137
2018-10-15,54.612499,52.265293,102.63922099999999,88.047501,7430.740234000001
2018-10-16,56.063999,53.417065,105.882492,90.998001,7645.490234000001
2018-10-17,55.7845,53.186234,105.60585800000001,91.586502,7642.700195
2018-10-18,54.398499,51.943081,103.497765,88.53600300000001,7485.140137
2018-10-19,54.823002,52.734177,103.650368,88.2015,7449.029785
2018-10-22,55.057999,53.056385,104.575638,89.464996,7468.629883
2018-10-23,55.184502,53.556526,103.11618,88.434998,7437.540039
2018-10-24,52.5355,51.719456,97.602654,83.209999,7108.399901999999
2018-10-25,54.7785,52.852005000000005,103.306946,89.108498,7318.339844
2018-10-26,53.573502000000005,52.01041,102.02873199999999,82.14050300000001,7167.209961
2018-10-29,51.004002,51.034164000000004,99.062119,76.944,7050.290039
2018-10-30,51.810501,51.289047,98.94765500000001,76.521004,7161.649901999999
2018-10-31,53.838501,52.625972999999995,101.88565799999999,79.900497,7305.899901999999
2018-11-01,53.5,53.43389499999999,101.036682,83.27649699999999,7434.060059
2018-11-02,52.8895,49.889587,101.265617,83.27649699999999,7356.990234000001
2018-11-05,52.004501,48.473312,102.553398,81.389999,7328.850098000001
2018-11-06,52.790501,48.997516999999995,102.75370799999999,82.14050300000001,7375.959961
2018-11-07,54.669498,50.483521,106.79821799999999,87.774498,7570.75
2018-11-08,54.119999,50.307373,106.5979,87.745499,7530.879883
2018-11-09,53.307499,49.337371999999995,104.518417,85.621498,7406.899901999999
2018-11-12,51.931499,46.852043,101.942894,81.842499,7200.870117
2018-11-13,51.802502000000004,46.383934,102.00966600000001,81.558502,7200.870117
2018-11-14,52.182999,45.073704,100.56304899999999,79.9505,7136.390137
2018-11-15,53.2355,46.186069,102.77606999999999,80.972,7259.029785
2018-11-16,53.074501,46.697617,103.74369,79.670502,7247.870117
2018-11-19,51.0,44.846897,100.227753,75.614502,7028.47998
2018-11-20,51.287997999999995,42.704205,97.43991899999999,74.773003,6908.819823999999
2018-11-21,51.880501,42.655949,98.78115799999999,75.836502,6972.25
2018-11-23,51.194,41.572525,98.74282099999999,75.102997,6938.97998
2018-11-26,52.431,42.134747,102.000076,79.066498,7081.850098000001
2018-11-27,52.220501,42.043056,102.641953,79.070999,7082.700195
2018-11-28,54.311501,43.659725,106.45488,83.887497,7291.589844
2018-11-29,54.415001000000004,43.324326,105.563911,83.678497,7273.080078
2018-11-30,54.7215,43.090267,106.23454299999999,84.508499,7330.540039
2018-12-03,55.321498999999996,44.595946999999995,107.38413999999999,88.61799599999999,7441.509765999999
2018-12-04,52.541,42.634228,103.96401999999999,83.41999799999999,7158.430176000001
2018-12-06,53.436501,42.158878,104.605896,84.959503,7188.259765999999
2018-12-07,51.828998999999996,40.655613,100.419365,81.456497,6969.25
2018-12-10,51.977501000000004,40.92345,103.073059,82.051498,7020.52002
2018-12-11,52.587502,40.689396,104.031082,82.162003,7031.830078
2018-12-12,53.183997999999995,40.802814,104.500504,83.177002,7098.310059
2018-12-13,53.095001,41.249195,104.854958,82.918999,7070.330078
2018-12-14,52.105,39.929321,101.578552,79.595497,6910.660156
2018-12-17,50.8265,39.557724,98.570396,76.045502,6753.72998
2018-12-18,51.435501,40.071682,99.60505699999999,77.57399699999999,6783.910156
2018-12-19,51.150501,38.821781,99.336792,74.753998,6636.830078
2018-12-20,50.470501,37.842125,97.248322,73.041496,6528.410156
2018-12-21,48.977001,36.370235,94.106026,68.872498,6332.990234000001
2018-12-24,48.811001,35.429195,90.178169,67.197998,6192.919922
2018-12-26,51.973,37.924175,96.338196,73.54499799999999,6554.359863000001
2018-12-27,52.194,37.678047,96.932167,73.082001,6579.490234000001
2018-12-28,51.854,37.697357000000004,96.175354,73.90100100000001,6584.52002
2018-12-31,51.780499,38.061703,97.305801,75.09850300000001,6635.279785
2019-01-02,52.2925,38.105137,96.874702,76.956497,6665.939941
2019-01-03,50.803001,34.309585999999996,93.310867,75.014,6463.5
2019-01-04,53.5355,35.774235,97.650688,78.769501,6738.859863
2019-01-07,53.419498,35.694607,97.77523000000001,81.475502,6823.470215
2019-01-08,53.813999,36.375060999999995,98.484169,82.829002,6897.0
2019-01-09,53.733002,36.992775,99.892448,82.971001,6957.080078
2019-01-10,53.516498999999996,37.111008,99.250587,82.810997,6986.069823999999
2019-01-11,52.859501,36.746658000000004,98.484169,82.028,6971.47998
2019-01-14,52.234501,36.194096,97.765648,80.860497,6905.919922
2019-01-15,53.857498,36.934864000000005,100.601387,83.727997,7023.830078
2019-01-16,54.0485,37.386082,100.955841,84.189003,7034.689941
2019-01-17,54.494999,37.608063,101.664787,84.66100300000001,7084.459961
2019-01-18,54.912997999999995,37.839714,103.18802600000001,84.809998,7157.22998
2019-01-22,53.526001,36.990368,101.243263,81.608498,7020.359863
2019-01-23,53.7785,37.139957,102.230011,82.000999,7025.77002
2019-01-24,53.695,36.845581,101.741425,82.746498,7073.459961
2019-01-25,54.5495,38.066528000000005,102.67068499999999,83.528503,7164.859863
2019-01-28,53.504002,37.714237,100.66843399999999,81.894501,7085.680176000001
2019-01-29,53.030998,37.323349,98.618309,79.694,7028.290039
2019-01-30,54.452999,39.873821,101.913857,83.5215,7183.080078
2019-01-31,55.818501,40.160973,100.045738,85.936501,7281.740234000001
2019-02-01,55.537498,40.180264,98.465012,81.311501,7263.870117
2019-02-04,56.639998999999996,41.321579,101.30072,81.665497,7347.540039
2019-02-05,57.2995,42.028576,102.71860500000001,82.940498,7402.080078
2019-02-06,55.761501,42.043056,101.578552,82.013,7375.279785
2019-02-07,54.935501,41.246784000000005,100.850471,80.718498,7288.350098000001
2019-02-08,54.752998,41.295254,101.23365799999999,79.41100300000001,7298.200195
2019-02-11,54.7505,41.05777,100.831314,79.550003,7307.899901999999
2019-02-12,56.068501,41.411572,102.402458,81.900497,7414.620117
2019-02-13,56.007999,41.239506,102.325806,82.0,7420.379883
2019-02-14,56.0835,41.389763,102.412041,81.1325,7426.950195
2019-02-15,55.682499,41.297676,103.676613,80.397499,7472.410156
2019-02-19,55.928001,41.421257000000004,103.62870799999999,81.378998,7486.77002
2019-02-20,55.689999,41.687824,103.089912,81.105003,7489.069823999999
2019-02-21,54.848499,41.452766,105.264297,80.972,7459.709961
2019-02-22,55.518501,41.915615,106.76518999999999,81.57800300000001,7527.540039
2019-02-25,55.470001,42.22094,107.361694,81.650002,7554.459961
2019-02-26,55.7565,42.245186,108.102524,81.82,7549.299805
2019-02-27,55.802502000000004,42.376034000000004,107.919701,82.054497,7554.509765999999
2019-02-28,55.995998,41.959232,107.785027,81.991501,7532.529785
2019-03-01,57.0495,42.400269,108.26608300000001,83.586502,7595.350098000001
2019-03-04,57.389998999999996,42.613518,108.00631000000001,84.808502,7577.569823999999
2019-03-05,58.101501,42.535969,107.46753700000001,84.621498,7576.359863
2019-03-06,57.893002,42.291225,107.51563999999999,83.447502,7505.919922
2019-03-07,57.165001000000004,41.80172,106.207146,81.297501,7421.459961
2019-03-08,57.116001000000004,41.901070000000004,106.32263200000001,81.040001,7408.140137
2019-03-11,58.787997999999995,43.352623,108.554695,83.530998,7558.060059
2019-03-12,59.66,43.83971,109.31478100000001,83.654999,7591.029785
2019-03-13,59.666,44.033569,110.16143000000001,84.540497,7643.410156
2019-03-14,59.2775,44.523071,110.24801599999999,84.310997,7630.910156
2019-03-15,59.223,45.102238,111.518005,85.61799599999999,7688.529785
2019-03-18,59.213001,45.562664,113.11511200000001,87.10749799999999,7714.47998
2019-03-19,59.942501,45.201591,113.19207800000001,88.092499,7723.950195
2019-03-20,61.198502000000005,45.596596000000005,113.066994,89.86350300000001,7728.970215
2019-03-21,61.577,47.275928,115.664703,90.962997,7838.959961
2019-03-22,60.275002,46.296917,112.614815,88.23850300000001,7642.669922
2019-03-25,59.650002,45.737140999999994,113.201714,88.712997,7637.540039
2019-03-26,59.230999,45.264599,113.44221499999999,89.188004,7691.52002
2019-03-27,58.651001,45.671703,112.345413,88.285004,7643.379883
2019-03-28,58.4245,45.732288,112.499352,88.670998,7669.169922
2019-03-29,58.665501,46.030357,113.47108500000002,89.037498,7729.319823999999
2019-04-01,59.7215,46.342957,114.510178,90.709503,7828.910156
2019-04-02,60.024502000000005,47.016624,114.673721,90.69899699999999,7848.689941
2019-04-03,60.296001000000004,47.338928,115.424171,91.035004,7895.549805
2019-04-04,60.75,47.421326,114.83728,90.943001,7891.779785
2019-04-05,60.357498,47.738777,115.347191,91.863998,7938.689941
2019-04-08,60.192001,48.489994,115.38568899999999,92.49299599999999,7953.879883
2019-04-09,59.862499,48.344592999999996,114.7603,91.792,7909.279785
2019-04-10,60.108002,48.616001000000004,115.63584099999999,92.366501,7964.240234000001
2019-04-11,60.230999,48.211315,115.770523,92.203499,7947.359863
2019-04-12,60.893501,48.191933,116.36702,92.153,7984.160156
2019-04-15,61.055,48.279167,116.463249,92.2435,7976.009765999999
2019-04-16,61.356499,48.284008,116.193848,93.152,8000.22998
2019-04-17,61.817001,49.224258,117.15596000000001,93.240997,7996.080078
2019-04-18,61.818501,49.40115,118.69533500000001,93.084503,7998.060059
2019-04-22,62.442001,49.563511,119.07055700000001,94.365501,8015.27002
2019-04-23,63.227501000000004,50.278378000000004,120.686897,96.188499,8120.819823999999
2019-04-24,62.799999,50.200835999999995,120.273201,95.087502,8102.009765999999
2019-04-25,63.172501000000004,49.745258,124.256325,95.112503,8118.680176000001
2019-04-26,63.609001,49.507767,124.9683,97.531502,8146.399901999999
2019-04-29,64.378998,49.582893,124.852829,96.921501,8161.850098000001
2019-04-30,59.424,48.628113,125.651398,96.32599599999999,8095.390137
2019-05-01,58.403999,51.015057,123.034447,95.57599599999999,8049.640137
2019-05-02,58.130501,50.683064,121.42773400000002,95.041,8036.77002
2019-05-03,59.27,51.313128999999996,124.01576200000001,98.123001,8164.0
2019-05-06,59.469501,50.520706,123.294205,97.527496,8123.290039
2019-05-07,58.705002,49.158817,120.76386299999999,96.050003,7963.759765999999
2019-05-08,58.313499,49.16851,120.75424199999999,95.88849599999999,7943.319823999999
2019-05-09,58.118999,48.640232,120.744629,94.9935,7910.589844
2019-05-10,58.213501,47.966404,122.312859,94.499001,7916.939941
2019-05-13,56.601501,45.178616,118.67609399999999,91.134003,7647.02002
2019-05-14,56.021999,45.893806,120.003822,92.005997,7734.490234000001
2019-05-15,58.210499,46.443573,121.69371799999999,93.557503,7822.149901999999
2019-05-16,58.949001,46.239246,124.50380700000001,95.378502,7898.049805
2019-05-17,58.115002000000004,45.976524,123.673363,93.449997,7816.279785
2019-05-20,56.942501,44.538841,121.88685600000001,92.948502,7702.379883
2019-05-21,57.481499,45.392696,122.54353300000001,92.875999,7785.720215
2019-05-22,57.570999,44.463428,123.287079,92.984001,7750.839844
2019-05-23,57.038502,43.704453,121.848228,90.774002,7628.279785
2019-05-24,56.6735,43.536602,121.906181,91.164001,7637.009765999999
2019-05-28,56.7075,43.356583,121.828926,91.821503,7607.350098000001
2019-05-29,55.823002,43.149815000000004,120.65081,90.959503,7547.310059
2019-05-30,55.897498999999996,43.373611,121.413696,90.816002,7567.720215
2019-05-31,55.181499,42.587875,119.434074,88.753502,7453.149901999999
2019-06-03,51.811501,42.157307,115.72589099999999,84.634499,7333.02002
2019-06-04,52.6525,43.699585,118.931908,86.477997,7527.120117
2019-06-05,52.111,44.405048,121.51023899999998,86.925003,7575.47998
2019-06-06,52.216999,45.056984,123.431931,87.718002,7615.549805
2019-06-07,53.301998,46.256268,126.88903,90.2015,7742.100098000001
2019-06-10,54.019001,46.847393,128.047852,93.031502,7823.169922
2019-06-11,53.936001,47.389874,127.565002,93.184998,7822.569823999999
2019-06-12,53.851501,47.23904,126.97592900000001,92.765999,7792.720215
2019-06-13,54.438499,47.229309,127.77744299999999,93.514999,7837.129883
2019-06-14,54.267502,46.886314,127.902946,93.483498,7796.660156
2019-06-17,54.625,47.166065,128.28923,94.301498,7845.02002
2019-06-18,55.18,48.275341,130.51998899999998,95.068497,7953.879883
2019-06-19,55.116501,48.134258,131.031738,95.439499,7987.319823999999
2019-06-20,55.570999,48.521042,132.248505,95.9095,8051.339844
2019-06-21,56.094002,48.355621,132.267776,95.565002,8031.709961
2019-06-24,55.776001,48.306965000000005,133.050003,95.695,8005.700195
2019-06-25,54.317501,47.574753,128.84935,93.913498,7884.720215
2019-06-26,53.990002000000004,48.603747999999996,129.332184,94.891502,7909.970215
2019-06-27,53.800499,48.589146,129.544647,95.21399699999999,7967.759765999999
2019-06-28,54.045502,48.146412,129.36116,94.681503,8006.240234000001
2019-07-01,54.897498999999996,49.029465,131.02211,96.10949699999999,8091.160156
2019-07-02,55.5625,49.316497999999996,131.89123500000002,96.7155,8109.089844
2019-07-03,56.078998999999996,49.725189,132.74101299999998,96.949997,8170.22998
2019-07-05,56.579498,49.6814,132.354706,97.1455,8161.790039
2019-07-08,55.817501,48.657269,132.258163,97.615997,8098.379883
2019-07-09,56.241501,48.954044,131.77531399999998,99.415001,8141.72998
2019-07-10,57.023998,49.438140999999995,133.117569,100.870499,8202.530273
2019-07-11,57.210499,49.078114,133.648727,100.053497,8196.040039
2019-07-12,57.244999,49.455166,134.131546,100.550003,8244.139648
2019-07-15,57.516998,49.919796000000005,134.131546,101.0495,8258.19043
2019-07-16,57.679001,49.747082,132.37403899999998,100.495003,8222.799805
2019-07-17,57.317501,49.467323,131.59184299999998,99.601501,8185.209961
2019-07-18,57.316502,50.029266,131.736694,98.894997,8207.240234
2019-07-19,56.505001,49.282452,131.92983999999998,98.225998,8146.490234000001
2019-07-22,56.9035,50.40876,133.677673,99.281502,8204.139648
2019-07-23,57.310501,50.802834000000004,134.508179,99.724503,8251.400391
2019-07-24,56.890499,50.761482,135.889099,100.040497,8321.5
2019-07-25,56.605999,50.360096,135.377274,98.691002,8238.540039
2019-07-26,62.5205,50.535244,136.48779299999998,97.152496,8330.209961
2019-07-29,61.970501,51.007172,136.188416,95.622498,8293.330078
2019-07-30,61.257,50.788242,135.53178400000002,94.926498,8273.610352
2019-07-31,60.834,51.824535,131.59184299999998,93.33899699999999,8175.419922
2019-08-01,60.4505,50.703102,133.320374,92.765999,8111.120117
2019-08-02,59.699501,49.630322,132.20022600000001,91.162003,8004.069823999999
2019-08-05,57.616001000000004,47.032276,127.67124199999999,88.2565,7726.040039
2019-08-06,58.497501,47.922615,130.066071,89.391502,7833.27002
2019-08-07,58.699501,48.418861,130.63583400000002,89.66999799999999,7862.830078
2019-08-08,60.240002000000004,49.48679,134.12188700000002,91.644501,8039.160156
2019-08-09,59.400501,49.079002,132.982407,90.378998,7959.140137
2019-08-12,58.7355,48.95446,131.128296,89.246002,7863.410156
2019-08-13,59.863499,51.027603000000006,133.84184299999998,91.217003,8016.359863
2019-08-14,58.2145,49.50877,129.811295,88.148003,7773.939941
2019-08-15,58.362999,49.262142,129.520599,88.806,7766.620117
2019-08-16,58.880001,50.424461,131.89437900000001,89.628502,7895.990234000001
2019-08-19,59.922501000000004,51.364578,134.103424,90.806,8002.810059
2019-08-20,59.134499,51.367020000000004,132.989212,90.069,7948.560059
2019-08-21,59.5625,51.923759000000004,134.47160300000002,91.177002,8020.209961
2019-08-22,59.476501,51.879818,133.493057,90.233002,7991.390137
2019-08-23,57.564499,49.481907,129.23963899999998,87.481003,7751.77002
2019-08-26,58.4445,50.42202,131.23555,88.443497,7853.740234000001
2019-08-27,58.391998,49.853065,131.516525,88.091499,7826.950195
2019-08-28,58.550999,50.187603,131.342117,88.212502,7856.879883
2019-08-29,59.642502,51.037369,133.822464,89.32,7973.390137
2019-08-30,59.404999,50.971447,133.570602,88.814499,7962.879883
2019-09-03,58.419498,50.229118,131.80719,89.491997,7874.160156
2019-09-04,59.070499,51.081322,133.347733,90.030998,7976.879883
2019-09-05,60.569,52.080044,135.692429,92.03600300000001,8116.830078
2019-09-06,60.246497999999995,52.075157,134.771973,91.675499,8103.069823999999
2019-09-09,60.220501,52.297375,133.241165,91.567497,8087.439941
2019-09-10,60.299999,52.915165,131.845947,91.027496,8084.160156
2019-09-11,61.008499,54.597614,131.88472,91.149498,8169.680176000001
2019-09-12,61.712502,54.475517,133.241165,92.177498,8194.469727
2019-09-13,61.978001,53.415749,133.047363,91.967003,8176.709961
2019-09-16,61.564999,53.696552000000004,132.08819599999998,90.391998,8153.540039
2019-09-17,61.4575,53.891911,133.115204,91.127502,8186.02002
2019-09-18,61.620499,54.397377,134.210022,90.873001,8177.390137
2019-09-19,61.935501,53.955394999999996,136.680679,91.074997,8182.879883
2019-09-20,61.496497999999995,53.166676,135.101379,89.708,8117.669922
2019-09-23,61.7015,53.408424,134.81076000000002,89.264999,8112.459961
2019-09-24,60.938,53.154453000000004,133.105499,87.08049799999999,7993.629883
2019-09-25,62.326,53.972496,135.02389499999998,88.416496,8077.379883
2019-09-26,62.0695,53.694115000000004,135.198303,86.991997,8030.660156
2019-09-27,61.254501,53.432842,133.444626,86.272499,7939.629883
2019-09-30,60.950001,54.690403,134.704178,86.795502,7999.339844
2019-10-01,60.255001,54.841797,132.80513,86.782501,7908.680176000001
2019-10-02,58.831501,53.467022,130.460449,85.66149899999999,7785.25
2019-10-03,59.391498999999996,53.921218999999994,132.039734,86.221001,7872.259765999999
2019-10-04,60.450001,55.432724,133.822464,86.98249799999999,7982.470215
2019-10-07,60.383998999999996,55.444935,132.853592,86.633003,7956.290039
2019-10-08,59.456501,54.795398999999996,131.448715,85.275497,7823.779785
2019-10-09,60.115501,55.437614,133.938751,86.099503,7903.740234000001
2019-10-10,60.433498,56.184814,134.771973,86.013,7950.779785
2019-10-11,60.772498999999996,57.679237,135.333939,86.596001,8057.040039
2019-10-14,60.856998,57.59621,135.207962,86.821503,8048.649901999999
2019-10-15,62.150501,57.461909999999996,137.165131,88.369003,8148.709961
2019-10-16,62.181999,57.229935,136.041245,88.871498,8124.180176000001
2019-10-17,62.6535,57.452144999999994,135.343643,89.374001,8156.850098000001
2019-10-18,62.274502000000005,57.728069,133.134567,87.875504,8089.540039
2019-10-21,62.307499,58.729232999999994,134.122833,89.282997,8162.990234000001
2019-10-22,62.139998999999996,58.59494399999999,132.12690700000002,88.28649899999999,8104.299805
2019-10-23,62.956501,59.381209999999996,132.969864,88.108498,8119.790039
2019-10-24,63.0495,59.478889,135.58586100000002,89.039001,8185.799805
2019-10-25,63.2565,60.211449,136.35128799999998,88.066498,8243.120117
2019-10-28,64.5,60.81459,139.703598,88.853996,8325.990234
2019-10-29,63.131001,59.408069999999995,138.385941,88.135498,8276.849609
2019-10-30,63.064499,59.400742,140.11051899999998,88.999496,8303.980469
2019-10-31,63.005501,60.743778000000006,138.909134,88.833,8292.360352
2019-11-01,63.687,62.467728,139.24823,89.571999,8386.400391
2019-11-04,64.568497,62.877959999999995,140.05242900000002,90.233002,8433.200195
2019-11-05,64.601501,62.787628000000005,139.96521,90.085503,8434.679688
2019-11-06,64.589996,62.814471999999995,139.577667,89.788498,8410.629883
2019-11-07,65.443001,63.539432999999995,139.771423,89.410004,8434.519531
2019-11-08,65.568497,63.713333,141.418518,89.293999,8475.30957
2019-11-11,64.959503,64.217857,141.563873,88.582497,8464.280273
2019-11-12,64.940002,64.159081,142.494003,88.900002,8486.089844
2019-11-13,64.900002,64.77381899999999,142.726517,87.655502,8482.099609
2019-11-14,65.572998,64.325623,143.453201,87.730003,8479.019531
2019-11-15,66.7435,65.08976700000001,145.303772,86.974503,8540.830078
2019-11-18,66.035004,65.417961,145.662262,87.626503,8549.94043
2019-11-19,65.773003,65.219597,145.710709,87.639503,8570.660156
2019-11-20,65.152496,64.460327,145.45791599999998,87.27649699999999,8526.730469
2019-11-21,65.067497,64.171318,145.321823,86.735497,8506.209961
2019-11-22,64.766998,64.11499,145.42875700000002,87.28600300000001,8519.879883
2019-11-25,65.334503,65.23919699999999,147.02316299999998,88.692001,8632.490234
2019-11-26,65.677498,64.729744,147.800888,89.847,8647.929688
2019-11-27,65.649498,65.599213,148.08284,90.925499,8705.179688
2019-11-29,65.248001,65.454712,147.16896100000002,90.040001,8665.469727
2019-12-02,64.496002,64.69789899999999,145.38990800000002,89.08000200000001,8567.990234
2019-12-03,64.764,63.544327,145.15657,88.498001,8520.639648
2019-12-04,66.027,64.105186,145.68156399999998,88.0345,8566.669922
2019-12-05,66.406502,65.04568499999999,145.759323,87.024002,8570.700195
2019-12-06,67.030998,66.30212399999999,147.52868700000002,87.58000200000001,8656.530273
2019-12-09,67.178001,65.373878,147.149551,87.475502,8621.830078
2019-12-10,67.233002,65.75595899999999,146.925949,86.960503,8616.179688
2019-12-11,67.250999,66.316811,147.480087,87.435997,8654.049805
2019-12-12,67.51349599999999,66.485802,148.977219,88.016502,8717.320313
2019-12-13,67.391502,67.389572,150.231339,88.04699699999999,8734.879883
2019-12-16,68.058502,68.54312900000001,151.203537,88.460503,8814.230469
2019-12-17,67.755997,68.67783399999999,150.386902,89.532997,8823.360352
2019-12-18,67.630997,68.51374799999999,150.07578999999998,89.2015,8827.740234
2019-12-19,67.802002,68.582314,151.378525,89.613998,8887.219727
2019-12-20,67.4795,68.440262,153.03125,89.324997,8924.959961
2019-12-23,67.442001,69.557106,153.03125,89.650002,8945.650391
2019-12-24,67.178001,69.62323,153.00206,89.460503,8952.879883
2019-12-26,68.019997,71.00458499999999,154.25618,93.438499,9022.389648
2019-12-27,67.594498,70.977638,154.538147,93.489998,9006.620117
2019-12-30,66.806999,71.398911,153.206207,92.344498,8945.990234
2019-12-31,66.850998,71.920578,153.31317099999998,92.391998,8972.599609
2020-01-02,68.3685,73.561539,156.151962,94.900497,9092.19043
2020-01-03,68.032997,72.846367,154.207565,93.748497,9020.769531
2020-01-06,69.710503,73.426819,154.606186,95.143997,9071.469727
2020-01-07,69.667,73.081505,153.196518,95.343002,9068.580078
2020-01-08,70.216003,74.257111,155.636688,94.59850300000001,9129.240234
2020-01-09,70.991501,75.834389,157.58103899999998,95.052498,9203.429688
2020-01-10,71.48650400000001,76.005829,156.851913,94.157997,9178.860352
2020-01-13,71.961502,77.629631,158.737946,94.565002,9273.929688
2020-01-14,71.543999,76.581398,157.61996499999998,93.472,9251.330078
2020-01-15,71.959999,76.253204,158.640732,93.100998,9258.700195
2020-01-16,72.584999,77.20837399999999,161.547562,93.897003,9357.129883
2020-01-17,74.019501,78.063148,162.451706,93.236,9388.94043
2020-01-21,74.220001,77.534111,161.86836200000002,94.599998,9370.80957
2020-01-22,74.297501,77.810898,161.090622,94.373001,9383.769531
2020-01-23,74.332497,78.18562299999999,162.082245,94.228996,9402.480469
2020-01-24,73.335503,77.96028100000001,160.44898999999998,93.082001,9314.910156
2020-01-27,71.695,75.667847,157.765747,91.417,9139.30957
2020-01-28,72.627998,77.808418,160.85733000000002,92.662498,9269.679688
2020-01-29,72.931503,79.437149,163.36553999999998,92.900002,9275.160156
2020-01-30,72.792,79.32202099999999,167.973709,93.533997,9298.929688
2020-01-31,71.711502,75.80501600000001,165.494598,100.435997,9150.94043
2020-02-03,74.29699699999999,75.596817,169.52919,100.209999,9273.400391
2020-02-04,72.3535,78.092552,175.109482,102.483498,9467.969727
2020-02-05,72.41149899999999,78.729332,174.895615,101.9935,9508.679688
2020-02-06,73.811501,79.650238,178.521866,102.51149699999999,9572.150391
2020-02-07,73.961502,78.567566,178.774643,103.96399699999999,9520.509766
2020-02-10,75.433998,78.940735,183.450806,106.695503,9628.389648
2020-02-11,75.439499,78.464455,179.309357,107.540001,9638.94043
2020-02-12,75.913498,80.327827,179.571854,108.0,9725.959961
2020-02-13,75.733002,79.755806,178.599655,107.4935,9711.969727
2020-02-14,76.037003,79.775436,180.194031,106.7435,9731.179688
2020-02-18,75.983498,78.314705,182.021729,107.783501,9732.740234
2020-02-19,76.334503,79.448921,182.56761200000003,108.511002,9817.179688
2020-02-20,75.907501,78.63385,179.779602,107.654999,9750.969727
2020-02-21,74.255501,76.853966,174.096283,104.7985,9576.589844
2020-02-24,71.079498,73.203377,166.59004199999998,100.4645,9221.280273
2020-02-25,69.422501,70.723824,163.841003,98.637001,8965.610352
2020-02-26,69.658997,71.84575699999999,165.88815300000002,98.9795,8980.780273
2020-02-27,65.904503,67.14933,154.19984399999998,94.214996,8566.480469
2020-02-28,66.966499,67.110062,157.933472,94.1875,8567.370117
2020-03-02,69.45549799999999,73.358047,168.442215,97.697502,8952.169922
2020-03-03,67.06950400000001,71.028244,160.37059,95.449501,8684.089844
2020-03-04,69.32599599999999,74.322868,166.258591,98.791496,9018.089844
2020-03-05,65.952003,71.912064,162.086288,96.2015,8738.589844
2020-03-06,64.920502,70.957062,157.50456200000002,95.054497,8575.620117
2020-03-09,60.778,65.34491,146.83007800000001,90.030502,7950.680176000001
2020-03-10,64.019501,70.051163,156.870895,94.591003,8344.25
2020-03-11,60.7705,67.618248,149.764343,91.042999,7952.049805
2020-03-12,55.745499,60.940624,135.560959,83.83049799999999,7201.799805
2020-03-13,60.9865,68.241814,154.833496,89.25,7874.879883
2020-03-16,54.216499,59.462715,132.012543,84.457497,6904.589844
2020-03-17,55.990002000000004,62.077293000000004,142.88198899999998,90.391998,7334.779785
2020-03-18,54.84,60.557648,136.867233,91.5,6989.839844
2020-03-19,55.7645,60.093651,139.11911,94.046501,7150.580078
2020-03-20,53.616001000000004,56.27856800000001,133.893982,92.304497,6879.52002
2020-03-23,52.831001,55.082989000000005,132.558441,95.141502,6860.669922
2020-03-24,56.723,60.609203,144.60742199999999,97.004997,7417.859863
2020-03-25,55.1245,60.275321999999996,143.223175,94.292,7384.299805
2020-03-26,58.087502,63.447178,152.181931,97.774498,7797.540039
2020-03-27,55.5355,60.82033199999999,145.933212,95.004997,7502.379883
2020-03-30,57.341,62.556015,156.198257,98.197502,7774.149901999999
2020-03-31,58.140499,62.428368000000006,153.741699,97.486,7700.100098000001
2020-04-01,55.280998,59.143562,148.282608,95.385002,7360.580078
2020-04-02,56.042,60.130469999999995,151.353302,95.941498,7487.310059
2020-04-03,54.894001,59.266315000000006,149.95932,95.329498,7373.080078
2020-04-06,59.346001,64.436562,161.111435,99.879501,7913.240234000001
2020-04-07,59.3255,63.690224,159.376266,100.58000200000001,7887.259765999999
2020-04-08,60.514,65.320358,160.97496,102.150002,8090.899901999999
2020-04-09,60.572497999999996,65.791718,160.984726,102.138,8153.580078
2020-04-13,60.877998,67.083061,161.34541299999998,108.443497,8192.419922
2020-04-14,63.461498,70.470947,169.32931499999998,114.166,8515.740234
2020-04-15,63.123501,69.827751,167.55514499999998,115.384003,8393.179688
2020-04-16,63.1735,70.382599,172.585266,120.4095,8532.360352
2020-04-17,64.162498,69.427582,174.106049,118.75,8650.139648
2020-04-20,63.330502,67.986496,170.655121,119.68049599999999,8560.730469
2020-04-21,60.817001,65.88501,163.59729,116.405998,8263.230469
2020-04-22,63.1605,67.78273,169.153854,118.1745,8495.379883
2020-04-23,63.815498,67.520035,167.10672,119.972504,8494.75
2020-04-24,63.9655,69.46932199999999,170.157944,120.511002,8634.519531
2020-04-27,63.793999,69.518425,169.670532,118.800003,8730.160156
2020-04-28,61.683498,68.391563,165.537216,115.704002,8607.730469
2020-04-29,67.07399699999999,70.637909,172.965485,118.635498,8914.709961
2020-04-30,67.432999,72.12808199999999,174.700684,123.699997,8889.549805
2020-05-01,66.030502,70.96687299999999,170.17746,114.302002,8604.950195
2020-05-04,66.339996,71.97097,174.340012,115.7995,8710.709961
2020-05-05,67.55549599999999,73.05117800000001,176.2117,115.889999,8809.120117
2020-05-06,67.364998,73.80484799999999,177.946884,117.563004,8854.389648
2020-05-07,68.627998,74.568359,178.98019399999998,118.380501,8979.660156
2020-05-08,69.418503,76.34320799999999,180.033051,118.980499,9121.320313
2020-05-11,70.163002,77.54450200000001,182.041245,120.449997,9192.339844
2020-05-12,68.787003,76.65831800000001,177.917633,117.847504,9002.549805
2020-05-13,67.466499,75.73273499999999,175.227097,118.396004,8863.169922
2020-05-14,67.806503,76.197983,175.987457,119.442497,8943.719727
2020-05-15,68.6595,75.74749,178.551285,120.488998,9014.55957
2020-05-18,69.196999,77.532188,180.257263,121.313004,9234.830078
2020-05-19,68.67424799999999,77.084183,179.009476,122.466499,9185.099609
2020-05-20,70.335999,78.583321,181.492447,124.897003,9375.780273
2020-05-21,70.139999,77.997452,179.3125,122.336998,9284.879883
2020-05-22,70.521004,78.499634,179.390717,121.844002,9324.589844
2020-05-26,70.850998,77.96791800000001,177.494247,121.093002,9340.219727
2020-05-27,70.891998,78.30761700000001,177.728897,120.519501,9412.360352
2020-05-28,70.836502,78.342079,177.32806399999998,120.055,9368.990234
2020-05-29,71.445999,78.26576999999999,179.136566,122.1185,9489.870117
2020-06-01,71.591003,79.22827099999999,178.726013,123.552002,9552.049805
2020-06-02,71.960999,79.595062,180.75929299999999,123.620499,9608.379883
2020-06-03,71.819,80.033234,181.199203,123.91999799999999,9682.910156
2020-06-04,70.609001,79.343956,178.81395,123.029999,9615.80957
2020-06-05,71.91950200000001,81.603767,182.997894,124.150002,9814.080078
2020-06-08,72.33049799999999,82.08625,184.131866,126.20300300000001,9924.75
2020-06-09,72.807999,84.67836,185.53951999999998,130.042999,9953.75
2020-06-10,73.292503,86.856926,192.42150900000001,132.372498,10020.349609
2020-06-11,70.192001,82.686897,182.088791,127.898003,9492.730469
2020-06-12,70.658997,83.400772,183.525757,127.250999,9588.80957
2020-06-15,70.9925,84.432198,184.698837,128.634003,9726.019531
2020-06-16,72.136002,86.669853,189.22493,130.763504,9895.870117
2020-06-17,72.556,86.549225,189.879883,132.048996,9910.530273
2020-06-18,71.797997,86.583694,191.913177,132.699005,9943.049805
2020-06-19,71.585999,86.08889,190.769455,133.750504,9946.120117
2020-06-22,72.593002,88.341301,196.06778,135.690994,10056.480469
2020-06-23,73.220497,90.226929,197.377701,138.220505,10131.370117
2020-06-24,71.59850300000001,88.634247,193.399048,136.720001,9909.169922
2020-06-25,72.066498,89.810905,195.84291100000002,137.729004,10017.0
2020-06-26,67.995003,87.05141400000001,191.922958,134.643494,9757.219727
2020-06-29,69.748497,89.057648,193.985596,134.01899699999998,9874.150391
2020-06-30,70.68049599999999,89.801056,198.941757,137.940994,10058.769531
2020-07-01,71.902,89.63121,200.105042,143.934998,10154.629883
2020-07-02,73.235001,89.63121,201.630051,144.514999,10207.629883
2020-07-06,74.785004,92.02887,205.970383,152.852005,10433.650391
2020-07-07,74.259003,91.743324,203.575394,150.005997,10343.889648
2020-07-08,74.800003,93.880028,208.052582,154.055496,10492.5
2020-07-09,75.5495,94.283745,209.509125,159.1315,10547.75
2020-07-10,77.086998,94.448677,208.873703,160.0,10617.44043
2020-07-13,75.567001,94.012955,202.421875,155.199997,10390.839844
2020-07-14,76.028999,95.568718,203.673111,154.199997,10488.580078
2020-07-15,75.681999,96.225983,203.370087,150.443497,10550.490234
2020-07-16,75.900002,95.041931,199.342575,149.994995,10473.830078
2020-07-17,75.777496,94.849915,198.32591200000002,148.09849499999999,10503.19043
2020-07-20,78.28600300000001,96.84878499999999,206.850189,159.841995,10767.089844
2020-07-21,77.920998,95.5121,204.064148,156.914505,10680.360352
2020-07-22,78.4245,95.780426,206.996826,154.995499,10706.129883
2020-07-23,75.783997,91.420845,197.99353,149.327499,10461.419922
2020-07-24,75.593498,91.194351,196.781372,150.445496,10363.179688
2020-07-27,76.510002,93.35569,199.274155,152.76049799999998,10536.269531
2020-07-28,75.016998,91.82209,197.485199,150.016495,10402.089844
2020-07-29,76.100998,93.582161,199.479431,151.676498,10542.94043
2020-07-30,76.572502,94.71453100000001,199.323029,152.59399399999998,10587.80957
2020-07-31,74.148003,104.63005799999999,200.408096,158.233994,10745.269531
2020-08-03,73.722504,107.26649499999999,211.679276,155.594498,10902.799805
2020-08-04,73.248497,107.98283400000001,208.502243,156.941498,10941.169922
2020-08-05,73.68049599999999,108.37423700000001,208.160126,160.251495,10998.400391
2020-08-06,75.004997,112.15533400000001,211.493591,161.25,11108.070313
2020-08-07,74.724503,109.6054,207.710419,158.373001,11010.980469
2020-08-10,74.805,111.198479,203.575394,157.408005,10968.360352
2020-08-11,74.015999,107.891449,198.814682,154.033493,10782.820313
2020-08-12,75.331001,111.47716499999999,204.494293,158.112,11012.240234
2020-08-13,75.922501,113.45002,204.015274,158.050995,11042.5
2020-08-14,75.38649699999999,113.348923,204.21078500000002,157.401001,11019.299805
2020-08-17,75.899002,113.052986,205.559799,159.120499,11129.730469
2020-08-18,77.93,113.995033,206.742661,165.624496,11210.839844
2020-08-19,77.376503,114.138077,205.488358,163.024002,11146.459961
2020-08-20,79.087502,116.67073799999999,210.270355,164.8685,11264.950195
2020-08-21,79.021004,122.683052,208.74168400000002,164.23599199999998,11311.799805
2020-08-24,79.410004,124.15039099999998,209.398224,165.373001,11379.719727
2020-08-25,80.41100300000001,123.131897,212.12239100000002,167.324493,11466.469727
2020-08-26,82.619003,124.806374,216.70840499999997,172.092499,11665.05957
2020-08-27,81.716499,123.314392,222.029327,170.0,11625.339844
2020-08-28,82.220497,123.11464699999999,224.312561,170.08999599999999,11695.629883
2020-08-31,81.709,127.28971899999999,221.000412,172.548004,11775.459961
2020-09-01,83.0355,132.360001,222.70549,174.955994,11939.669922
2020-09-02,86.414001,129.617706,226.997528,176.572495,12056.44043
2020-09-03,82.092003,119.240402,212.93574500000003,168.399994,11458.099609
2020-09-04,79.552002,119.319321,209.94697599999998,164.73100300000002,11313.129883
2020-09-08,76.619499,111.28973400000001,198.589752,157.492004,10847.69043
2020-09-09,77.848,115.728683,207.046432,163.430496,11141.55957
2020-09-10,76.600998,111.95063799999998,201.245316,158.755493,10919.589844
2020-09-11,76.03600300000001,110.48085800000001,199.93223600000002,155.811005,10853.549805
2020-09-14,75.96399699999999,113.79528799999999,201.28453100000002,155.148499,11056.650391
2020-09-15,77.071999,113.972839,204.586838,157.806503,11190.320313
2020-09-16,76.04499799999999,110.60909299999999,200.931763,153.904999,11050.469727
2020-09-17,74.77649699999999,108.84338400000001,198.83471699999998,150.43649299999998,10910.280273
2020-09-18,72.999496,105.390846,196.36535600000002,147.745499,10793.280273
2020-09-21,71.557999,108.586891,198.472137,148.023499,10778.799805
2020-09-22,73.273003,110.293442,203.254166,156.449493,10963.639648
2020-09-23,70.760498,105.66703799999999,196.561325,149.992996,10632.990234
2020-09-24,71.414497,106.75212900000001,199.1091,150.98950200000002,10672.269531
2020-09-25,72.248001,110.757057,203.646118,154.7565,10913.55957
2020-09-28,73.225998,113.40071100000002,205.233582,158.702499,11117.530273
2020-09-29,73.466499,112.542503,203.097366,157.244003,11085.25
2020-09-30,73.480003,114.239166,206.105698,157.43649299999998,11167.509766
2020-10-01,74.504501,115.20587900000001,208.192947,161.063004,11326.509766
2020-10-02,72.920998,111.487022,202.04885900000002,156.25,11075.019531
2020-10-05,74.30100300000001,114.919823,206.154724,159.96000700000002,11332.490234
2020-10-06,72.67199699999999,111.62513,201.774475,154.998001,11154.599609
2020-10-07,73.014503,113.519089,205.615768,159.7845,11364.599609
2020-10-08,74.296501,113.410568,206.350708,159.52749599999999,11420.980469
2020-10-09,75.761002,115.38344599999999,211.475647,164.332504,11579.94043
2020-10-12,78.457497,122.71266200000001,216.95338399999997,172.1465,11876.259766
2020-10-13,78.584,119.45742800000001,218.38406400000002,172.181503,11863.900391
2020-10-14,78.403999,119.546204,216.424225,168.185501,11768.730469
2020-10-15,77.956497,119.072723,215.24833700000002,166.932495,11713.870117
2020-10-16,78.650497,117.40563200000001,215.24833700000002,163.63549799999998,11671.55957
2020-10-19,76.730499,114.40688300000001,209.917557,160.360504,11478.879883
2020-10-20,77.796501,115.91611499999999,210.33892799999998,160.850494,11516.490234
2020-10-21,79.665497,115.284805,210.485931,159.246994,11484.69043
2020-10-22,80.766502,114.17998500000002,210.574127,158.820007,11506.009766
2020-10-23,82.050003,113.47962199999999,211.887192,160.220001,11548.280273
2020-10-26,79.522499,113.489479,205.860748,160.352005,11358.94043
2020-10-27,80.212997,115.018456,208.967056,164.316498,11431.349609
2020-10-28,75.831001,109.691696,198.60936,158.13900800000002,11004.870117
2020-10-29,78.362,113.755821,200.608383,160.550507,11185.589844
2020-10-30,81.050499,107.38344599999999,198.40358,151.807495,10911.589844
2020-11-02,81.301498,107.294655,198.266373,150.223999,10957.610352
2020-11-03,82.510498,108.94201699999999,202.284042,152.420502,11160.570313
2020-11-04,87.456497,113.39083899999999,212.043991,162.057999,11590.780273
2020-11-05,88.168503,117.415504,218.80543500000002,166.100006,11890.929688
2020-11-06,88.087502,117.28211200000001,219.22680699999998,165.568497,11895.230469
2020-11-09,88.150002,114.94021599999999,214.00383,157.186996,11713.780273
2020-11-10,87.019501,114.59436799999999,206.772049,151.75100700000002,11553.860352
2020-11-11,87.635498,118.072601,212.200775,156.869507,11786.429688
2020-11-12,87.491997,117.79593700000001,211.113098,155.51400800000002,11709.589844
2020-11-13,88.850998,117.845352,212.16159100000002,156.440506,11829.290039
2020-11-16,89.069,118.872993,212.867111,156.55299399999998,11924.129883
2020-11-17,88.5075,117.973793,210.152786,156.783005,11899.339844
2020-11-18,87.33899699999999,116.62993600000001,207.382172,155.272995,11801.599609
2020-11-19,88.195999,117.232704,208.6987,155.850998,11904.709961
2020-11-20,87.10949699999999,115.948105,206.704254,154.970001,11854.969727
2020-11-23,86.74299599999999,112.499527,206.429153,154.91949499999998,11880.629883
2020-11-24,88.444,113.80385600000001,210.11346400000002,155.903,12036.790039
2020-11-25,88.571503,114.65365600000001,210.12326000000002,159.253494,12094.400391
2020-11-27,89.6595,115.207008,211.459457,159.766998,12205.849609
2020-11-30,88.037003,117.63784,210.31977799999999,158.401993,12198.740234
2020-12-01,89.904999,121.26430500000001,212.422287,161.003998,12355.110352
2020-12-02,91.397499,121.620033,211.597,160.176498,12349.370117
2020-12-03,91.33850100000001,121.481682,210.48680099999999,159.336502,12377.179688
2020-12-04,91.399498,120.799873,210.604706,158.128998,12464.230469
2020-12-07,90.97399899999999,122.282097,210.535919,157.899994,12519.950195
2020-12-08,90.927498,122.90461,212.2258,158.86450200000002,12582.769531
2020-12-09,89.206497,120.33544199999999,208.089554,155.21000700000002,12338.950195
2020-12-10,88.766502,121.77813,206.831985,155.074493,12405.80957
2020-12-11,89.08850100000001,120.957977,209.523987,155.820999,12377.870117
2020-12-14,88.002998,120.33544199999999,210.44751000000002,157.84849499999999,12440.040039
2020-12-15,88.38849599999999,126.363083,210.378723,158.255997,12595.05957
2020-12-16,88.150002,126.293922,215.43852200000003,162.048004,12658.19043
2020-12-17,87.394997,127.173363,215.576065,161.804001,12764.75
2020-12-18,86.550499,125.15756999999999,214.76062000000002,160.082504,12755.639648
2020-12-21,86.968498,126.70893899999999,218.690521,160.309006,12742.519531
2020-12-22,86.175003,130.315643,220.01689100000002,160.326004,12807.919922
2020-12-23,86.619003,129.406586,217.148041,159.263504,12771.110352
2020-12-24,86.942497,130.404602,218.847702,158.63450600000002,12804.730469
2020-12-28,88.804497,135.068604,221.019028,164.19799799999998,12899.419922
2020-12-29,87.935997,133.27018700000002,220.223206,166.100006,12850.219727
2020-12-30,86.975998,132.13382,217.796463,164.292496,12870.0
2020-12-31,87.594002,131.116043,218.523514,162.846497,12888.280273
2021-01-04,86.412003,127.87493899999998,213.876358,159.33149699999998,12698.450195
2021-01-05,87.045998,129.455948,214.08268700000002,160.925507,12818.959961
2021-01-06,86.764503,125.098274,208.531647,156.919006,12740.790039
2021-01-07,89.362503,129.36702,214.465851,158.108002,13067.480469
2021-01-08,90.360497,130.48365800000002,215.772568,159.134995,13201.980469
2021-01-11,88.335999,127.45003500000001,213.67988599999998,155.710495,13036.429688
2021-01-12,87.327499,127.27217900000001,211.16470299999997,156.041504,13072.429688
2021-01-13,87.720001,129.337387,212.55001800000002,158.29449499999998,13128.950195
2021-01-14,87.009003,127.380875,209.288177,156.373505,13112.639648
2021-01-15,86.809502,125.631874,208.924667,155.212494,12998.5
2021-01-19,89.542999,126.31369,212.64827000000002,156.037994,13197.179688
2021-01-20,94.345001,130.463882,220.40985099999997,163.169006,13457.25
2021-01-21,94.5625,135.24646,221.02882400000001,165.349503,13530.910156
2021-01-22,95.052498,137.420349,221.991669,164.611496,13543.05957
2021-01-25,94.970001,141.22468600000002,225.50895699999998,164.699997,13635.990234
2021-01-26,95.862,141.461823,228.25990299999998,166.306503,13626.05957
2021-01-27,91.539497,140.374878,228.819901,161.628998,13270.599609
2021-01-28,93.155502,135.463867,234.74427799999998,161.880997,13337.160156
2021-01-29,91.787003,130.394699,227.89639300000002,160.309998,13070.69043
2021-02-01,95.067497,132.54882800000001,235.45166,167.14399699999998,13403.389648
2021-02-02,96.375504,133.38876299999998,235.31411699999998,169.0,13612.780272999998
2021-02-03,103.503502,132.351227,238.74296600000002,165.626495,13610.540038999998
2021-02-04,103.1185,135.760284,237.770309,166.550003,13777.740234
2021-02-05,104.900002,135.339691,237.957001,167.607498,13856.299805
2021-02-08,104.6455,135.488144,238.22226,166.147003,13987.639647999998
2021-02-09,104.175499,134.597473,239.499481,165.25,14007.700195
2021-02-10,104.768997,133.983917,238.56613199999998,164.328995,13972.530272999998
2021-02-11,104.79450200000001,133.72663899999998,240.206863,163.106506,14025.769531
2021-02-12,105.20549799999999,133.96414199999998,240.69810499999997,163.88549799999998,14095.469727000002
2021-02-16,106.095001,131.806778,239.43069500000001,163.447495,14047.5
2021-02-17,106.415497,129.481171,240.474548,165.432007,13965.490234
2021-02-18,105.860001,128.362915,240.070786,166.411499,13865.360352000002
2021-02-19,105.056999,128.52123999999998,237.293808,162.494995,13874.459961000002
2021-02-22,103.244003,124.69144399999999,230.93237299999998,159.037003,13533.049805
2021-02-23,103.542999,124.552902,229.711273,159.725006,13465.200195
2021-02-24,104.758499,124.04818700000001,230.971756,157.976501,13597.969727000002
2021-02-25,101.568001,119.73348200000001,225.496582,152.858002,13119.429688
2021-02-26,101.843002,120.000671,228.83483900000002,154.6465,13192.349609
2021-03-01,104.0755,126.46286,233.325302,157.307007,13588.830078
2021-03-02,103.792,123.82058,230.30209399999998,154.726501,13358.790039
2021-03-03,101.335503,120.79235800000001,224.088364,150.25,12997.75
2021-03-04,102.454498,118.88240800000001,223.271027,148.878494,12723.469727
2021-03-05,105.427002,120.15900400000001,228.066757,150.022995,12920.150391
2021-03-08,101.208504,115.15155800000001,223.92099,147.59750400000001,12609.160156
2021-03-09,102.635002,119.83243600000002,230.21351600000003,153.142502,13073.820313
2021-03-10,102.751503,118.733971,228.874252,152.882004,13068.830078
2021-03-11,105.73850300000001,120.693405,233.51240499999997,155.679504,13398.669922
2021-03-12,103.096001,119.77305600000001,232.153427,154.474503,13319.860352
2021-03-15,103.324501,122.702316,231.22776800000003,154.084,13459.709961000002
2021-03-16,104.625999,124.2659,234.08355699999998,154.593002,13471.570313
2021-03-17,104.554001,123.464317,233.423752,156.786499,13525.200195
2021-03-18,101.810997,119.278252,227.200195,151.399506,13116.169922
2021-03-19,102.160004,118.743858,226.835831,153.748001,13215.240234
2021-03-22,101.929497,122.10855900000001,232.389786,155.54350300000002,13377.540039
2021-03-23,102.648003,121.26736499999998,233.955536,156.875,13227.700195
2021-03-24,102.252998,118.84281200000001,231.86787400000003,154.3535,12961.889648
2021-03-25,102.218002,119.337616,228.795471,152.313004,12977.679688
2021-03-26,101.777496,119.951187,232.87229900000003,152.601501,13138.730469
2021-03-29,102.797501,120.129326,231.65121499999998,153.786499,13059.650391
2021-03-30,102.777,118.654793,228.31294300000002,152.764496,13045.389648
2021-03-31,103.431503,120.88143899999999,232.17314100000002,154.703995,13246.870117
2021-04-01,106.887497,121.722603,238.652756,158.050003,13480.110352000002
2021-04-05,111.277496,124.59248400000001,245.27023300000002,161.336502,13705.589844
2021-04-06,111.237503,124.89926100000001,244.07872000000003,161.190994,13698.379883000001
2021-04-07,112.484001,126.571716,246.08757000000003,163.969498,13688.839844
2021-04-08,113.272003,129.006149,249.386475,164.96499599999999,13829.30957
2021-04-09,114.293999,131.618759,251.946823,168.610001,13900.19043
2021-04-12,112.739502,129.877029,252.00590499999998,168.969498,13850.0
2021-04-13,113.36350300000001,133.033905,254.54652400000003,170.0,13996.099609
2021-04-14,112.741997,130.658829,251.690765,166.649994,13857.839844
2021-04-15,114.833,133.103165,255.54110699999998,168.954498,14038.759766
2021-04-16,114.888,132.766693,256.762177,169.972,14052.339844
2021-04-19,115.120003,133.439636,254.792725,168.600494,13914.769531
2021-04-20,114.681503,131.7276,254.32003799999998,166.734497,13786.269531
2021-04-21,114.664497,132.11355600000002,256.604614,168.100998,13950.219727000002
2021-04-22,113.396004,130.569748,253.246674,165.451996,13818.410156
2021-04-23,115.764999,132.925064,257.165924,167.044006,14016.80957
2021-04-26,116.336998,133.320908,257.559814,170.449997,14138.780272999998
2021-04-27,115.356003,132.994293,257.97345,170.871506,14090.219727000002
2021-04-28,118.995499,132.19271899999998,250.67646800000003,172.925003,14051.030272999998
2021-04-29,121.494499,132.093781,248.657745,173.565506,14082.549805
2021-04-30,120.505997,130.09475700000002,248.332794,173.371002,13962.679688
2021-05-03,119.758499,131.163498,248.017654,169.324493,13895.120116999999
2021-05-04,117.712502,126.522232,244.00975,165.59350600000002,13633.5
2021-05-05,117.836998,126.769646,242.7099,163.526993,13582.419922
2021-05-06,119.067497,128.392624,245.92015099999998,165.318497,13632.839844
2021-05-07,119.934502,129.07661399999998,248.608521,164.58050500000002,13752.240234
2021-05-10,117.083,125.745842,243.409073,159.524506,13401.860352
2021-05-11,115.438004,124.814026,242.47357200000002,161.195496,13389.429688
2021-05-12,111.954002,121.701355,235.353851,157.597,13031.679688
2021-05-13,113.09850300000001,123.88221000000001,239.32235699999998,158.073502,13124.990234
2021-05-14,115.807999,126.34061399999999,244.364258,161.145004,13429.980469
2021-05-17,116.070503,125.170891,241.43956,163.519501,13379.049805
2021-05-18,115.171501,123.76325200000001,239.371628,161.613998,13303.639648
2021-05-19,115.435501,123.604652,239.963821,161.58999599999999,13299.740234
2021-05-20,117.804497,126.20183600000001,243.28019700000002,162.384003,13535.740234
2021-05-21,117.254997,124.33821100000002,241.987213,160.154007,13470.990234
2021-05-24,120.333504,125.99366,247.524384,162.249496,13661.169922
2021-05-25,120.453499,125.79540300000001,248.452194,162.952499,13657.169922
2021-05-26,121.676498,125.745842,248.225174,163.257996,13738.0
2021-05-27,120.125504,124.189499,246.073456,161.505493,13736.280272999998
2021-05-28,120.57800300000001,123.525345,246.43864399999998,161.153503,13748.740234
2021-06-01,121.490501,123.198219,244.18826299999998,160.932495,13736.480469
2021-06-02,121.064003,123.97142,244.08956899999998,161.699493,13756.330078
2021-06-03,120.230499,122.464661,242.52021800000003,159.350494,13614.509766
2021-06-04,122.587997,124.794197,247.534241,160.311005,13814.490234
2021-06-07,123.304497,124.80410800000001,250.51504500000001,159.900497,13881.719727000002
2021-06-08,124.14250200000001,125.636803,249.29115299999998,163.20550500000002,13924.910156
2021-06-09,124.57,126.023399,250.297913,164.057495,13911.75
2021-06-10,126.08000200000001,125.012276,253.90049700000003,167.482498,14020.330078
2021-06-11,125.696503,126.24148600000001,254.54209900000004,167.341507,14069.419922
2021-06-14,126.351997,129.344223,256.51611299999996,169.193497,14174.139647999998
2021-06-15,126.032997,128.511566,255.005997,169.15649399999998,14072.860352000002
2021-06-16,125.696503,129.01712,254.038712,170.762497,14039.679688
2021-06-17,126.371002,130.64283799999998,257.51297,174.462006,14161.349609
2021-06-18,125.567497,129.32441699999998,256.062103,174.345001,14030.379883000001
2021-06-21,126.45500200000001,131.14840700000002,259.220551,172.69799799999998,14141.480469
2021-06-22,126.999496,132.813766,262.063171,175.272003,14253.269531
2021-06-23,126.461502,132.536209,261.826263,175.190994,14271.730469
2021-06-24,127.281998,132.248749,263.227875,172.453995,14369.709961000002
2021-06-25,126.995003,131.95134,261.579529,170.07299799999998,14360.389647999998
2021-06-28,126.81950400000001,133.606827,265.231506,172.194504,14500.509766
2021-06-29,126.018501,135.143311,267.876709,172.406998,14528.330078
2021-06-30,125.316002,135.767853,267.383179,172.007996,14503.950195
2021-07-01,126.3685,136.07515,268.074127,171.648499,14522.379883000001
2021-07-02,128.71899399999998,138.74173000000002,274.045532,175.548996,14639.330078
2021-07-06,129.770996,140.783798,274.05545,183.787003,14663.639647999998
2021-07-07,130.077499,143.3116,276.295929,184.828995,14665.05957
2021-07-08,129.17700200000002,141.993195,273.818604,186.570496,14559.780272999998
2021-07-09,129.574493,143.846893,274.331818,185.966995,14701.919922
2021-07-12,130.563995,143.242203,273.719879,185.927505,14733.240234
2021-07-13,130.994507,144.372284,277.332367,183.867996,14677.650391
2021-07-14,132.082504,147.85171499999998,278.842468,184.084,14644.950195
2021-07-15,131.266495,147.18756100000002,277.381653,181.559998,14543.129883000001
2021-07-16,131.845505,145.115753,277.105347,178.681503,14427.240234
2021-07-19,129.253998,141.210037,273.413849,177.479507,14274.980469
2021-07-20,131.101501,144.87785300000002,275.69390899999996,178.6595,14498.879883000001
2021-07-21,132.600494,144.134369,277.746857,179.259995,14631.950195
2021-07-22,133.328506,145.522186,282.425385,181.90150500000001,14684.599609
2021-07-23,137.815994,147.266876,285.909546,182.832001,14836.990234
2021-07-26,139.644501,147.69313,285.297577,184.990997,14840.709961000002
2021-07-27,136.796494,145.492447,282.82016,181.319504,14660.580078
2021-07-28,136.3815,143.718018,282.504303,181.516006,14762.580078
2021-07-29,136.540497,144.372284,282.78064,179.996002,14778.259766
2021-07-30,135.220993,144.590363,281.21133399999997,166.379501,14672.679688
2021-08-02,135.98950200000002,144.253326,281.122498,166.574005,14681.070313
2021-08-03,136.279999,146.077301,283.39257799999996,168.311996,14761.290038999998
2021-08-04,136.028503,145.67086799999998,282.790588,167.73599199999998,14780.530272999998
2021-08-05,136.940002,145.779938,285.761475,168.7995,14895.120116999999
2021-08-06,137.03599499999999,145.084976,285.702271,167.246994,14835.759766
2021-08-09,138.001999,145.035355,284.58691400000004,167.09350600000002,14860.179688
2021-08-10,138.096497,144.548874,282.721466,166.033997,14788.089844
2021-08-11,137.689499,144.807007,283.224823,164.605499,14765.139647999998
2021-08-12,138.389496,147.815125,286.047699,165.175003,14816.259766
2021-08-13,138.40600600000002,148.023605,289.048279,164.698502,14822.900391
2021-08-16,138.916,150.029022,290.775543,164.949493,14793.759766
2021-08-17,137.300507,149.105759,289.275238,162.098007,14656.179688
2021-08-18,136.570007,145.303391,287.505127,160.061005,14525.910156
2021-08-19,136.913498,145.64093,293.478119,159.387497,14541.790038999998
2021-08-20,138.436996,147.120193,300.98388700000004,159.997498,14714.660156
2021-08-23,141.099503,148.629211,301.270691,163.29350300000002,14942.650391
2021-08-24,142.398499,148.53985600000001,299.263214,165.289001,15019.799805
2021-08-25,142.949997,147.288971,298.659973,164.959,15041.860352000002
2021-08-26,142.123001,146.47486899999998,295.7724,165.800003,14945.80957
2021-08-27,144.550507,147.527237,296.395386,167.481506,15129.5
2021-08-30,145.469498,152.014587,300.222443,171.078506,15265.889647999998
2021-08-31,145.462006,150.733902,298.531433,173.539505,15259.240234
2021-09-01,145.841995,151.408997,298.48199500000004,173.949997,15309.379883000001
2021-09-02,144.21899399999998,152.54075600000002,297.80953999999997,173.15600600000002,15331.179688
2021-09-03,144.774994,153.186081,297.799683,173.90249599999999,15363.519531
2021-09-07,145.51899699999998,155.558823,296.850281,175.464493,15374.330078
2021-09-08,144.883499,153.990219,296.879913,176.274994,15286.639647999998
2021-09-09,144.913498,152.95773300000002,293.952789,174.207993,15248.25
2021-09-10,141.921005,147.894562,292.429871,173.457504,15115.490234
2021-09-13,143.46499599999999,148.470398,293.695679,172.858505,15105.580078
2021-09-14,143.40600600000002,147.050705,296.46463,172.5,15037.759766
2021-09-15,145.205994,147.95413200000002,301.438782,173.789505,15161.530272999998
2021-09-16,144.373505,147.71583600000002,301.834381,174.412003,15181.919922
2021-09-17,141.463501,145.005539,296.543701,173.12600700000002,15043.969727000002
2021-09-20,139.016998,141.908096,291.035461,167.786499,14713.900391
2021-09-21,139.6465,142.394531,291.529968,167.181503,14746.400391
2021-09-22,140.93850700000002,144.797089,295.26800499999996,169.002502,14896.849609
2021-09-23,141.82650800000002,145.77002,296.237183,170.800003,15052.240234
2021-09-24,142.632996,145.85936,296.02948,171.276001,15047.700195
2021-09-27,141.50100700000002,144.320541,290.906952,170.28999299999998,14969.969727000002
2021-09-28,136.184006,140.885529,280.37506099999996,165.798004,14546.679688
2021-09-29,134.520996,141.798889,280.849792,165.056,14512.44043
2021-09-30,133.265503,140.47847,278.792847,164.251999,14448.580078
2021-10-01,136.462494,141.620163,285.893219,164.162994,14566.700195
2021-10-04,133.764999,138.13551299999997,279.969635,159.488998,14255.480469
2021-10-05,136.17700200000002,140.091293,285.55697599999996,161.050003,14433.830078
2021-10-06,137.354004,140.974884,289.858673,163.100494,14501.910156
2021-10-07,139.185501,142.25555400000002,291.579407,165.121506,14654.019531
2021-10-08,140.056,141.86836200000002,291.579407,164.431,14579.540038999998
2021-10-11,138.84750400000001,141.779022,290.966339,162.315002,14486.200195
2021-10-12,136.712997,140.488388,289.631256,162.366501,14465.919922
2021-10-13,137.899994,139.892746,293.023193,164.21400500000001,14571.639647999998
2021-10-14,141.412003,142.72216799999998,299.391785,164.992996,14823.429688
2021-10-15,141.675003,143.794373,300.835571,170.451004,14897.339844
2021-10-18,142.960495,145.49202,303.881439,172.337006,15021.80957
2021-10-19,143.82200600000002,147.68605,304.81100499999997,172.207504,15129.089844
2021-10-20,142.41499299999998,148.18246499999998,304.000092,170.753006,15121.679688
2021-10-21,142.780502,148.40086399999998,307.312958,171.750504,15215.700195
2021-10-22,138.625,147.616577,305.730682,166.77749599999999,15090.200195
2021-10-25,138.772995,147.566925,304.712097,166.018494,15226.709961000002
2021-10-26,139.671997,148.24205,306.670135,168.803497,15235.709961000002
2021-10-27,146.427505,147.775436,319.585297,169.624496,15235.839844
2021-10-28,146.128998,151.46856699999998,320.752197,172.328506,15448.120116999999
2021-10-29,148.270493,148.71856699999998,327.941559,168.621506,15498.389647999998
2021-11-01,143.774002,147.88464399999998,325.716492,165.905502,15595.919922
2021-11-02,145.863007,148.936981,329.434814,165.637497,15649.599609
2021-11-03,146.78999299999998,150.396362,330.295135,169.199997,15811.580078
2021-11-04,148.682999,149.870193,332.70806899999997,173.850006,15940.30957
2021-11-05,149.240997,150.407074,332.332336,175.949493,15971.589844
2021-11-08,149.351501,149.571915,333.25195299999996,174.449005,15982.360352000002
2021-11-09,149.248505,149.939789,332.223511,178.81149299999998,15886.540038999998
2021-11-10,146.62600700000002,147.066452,327.130615,174.10249299999998,15622.709961000002
2021-11-11,146.748001,147.016739,328.742554,173.625,15704.280272999998
2021-11-12,149.645493,149.124527,332.984985,176.257507,15860.959961000002
2021-11-15,149.388,149.13446000000002,332.342194,177.283997,15853.849609
2021-11-16,149.076004,150.128677,335.744049,177.03500400000001,15973.860352000002
2021-11-17,149.061996,152.60433999999998,335.971924,177.449997,15921.570313
2021-11-18,150.709,156.959045,338.10195899999997,184.80299399999998,15993.709961000002
2021-11-19,149.952499,159.623596,339.924805,183.828506,16057.44043
2021-11-22,147.078506,160.090881,336.675293,178.628494,15854.759766
2021-11-23,146.757004,160.478622,334.545258,179.001999,15775.139647999998
2021-11-24,146.717499,161.005569,334.773132,179.020493,15845.230469
2021-11-26,142.806,155.905167,326.61947599999996,175.227997,15491.660156
2021-11-29,146.113998,159.315384,333.505005,178.078506,15782.830078
2021-11-30,142.451996,164.34616100000002,327.52108799999996,175.3535,15537.69043
2021-12-01,141.617996,163.819229,327.015808,172.186005,15254.049805
2021-12-02,143.77650500000001,162.81506299999998,326.431305,171.867996,15381.320313
2021-12-03,142.520493,160.906128,320.011414,169.48950200000002,15085.469727000002
2021-12-06,143.796494,164.366058,323.161926,171.3685,15225.150391
2021-12-07,148.036499,170.19223,331.810883,176.164505,15686.919922
2021-12-08,148.720505,174.069748,331.86044300000003,176.158005,15786.990234
2021-12-09,148.10600300000002,173.55273400000002,330.00778199999996,174.171005,15517.370116999999
2021-12-10,148.675003,178.41451999999998,339.36016800000004,172.212006,15630.599609
2021-12-13,146.704498,174.72593700000002,336.249298,169.567505,15413.280272999998
2021-12-14,144.970505,173.324081,325.291962,169.091507,15237.639647999998
2021-12-15,147.3685,178.265396,331.543365,173.315002,15565.580078
2021-12-16,144.838501,171.266006,321.88388100000003,168.871002,15180.429688
2021-12-17,142.80299399999998,170.152466,320.794098,170.017502,15169.679688
2021-12-20,142.40150500000001,168.770493,316.940216,167.078995,14980.94043
2021-12-21,144.220505,171.991806,324.25174,170.417007,15341.089844
2021-12-22,146.949005,174.62651100000002,330.106842,171.037003,15521.889647999998
2021-12-23,147.142502,175.262802,331.583008,171.068497,15653.370116999999
2021-12-27,148.063995,179.289444,339.27099599999997,169.66949499999998,15871.259766
2021-12-28,146.44799799999998,178.255447,338.082123,170.66099499999999,15781.719727000002
2021-12-29,146.504501,178.344925,338.775665,169.201004,15766.219727000002
2021-12-30,146.002502,177.171722,336.170013,168.644501,15741.55957
2021-12-31,144.679504,176.54536399999998,333.197906,166.716995,15644.969727000002
2022-01-03,145.074493,180.959747,331.642426,170.404495,15832.799805
2022-01-04,144.416504,178.66308600000002,325.95575,167.522003,15622.719727000002
2022-01-05,137.653503,173.910645,313.442993,164.35699499999998,15100.169922
2022-01-06,137.550995,171.007523,310.966187,163.253998,15080.860352000002
2022-01-07,137.004501,171.176514,311.12469500000003,162.554001,14935.900391
2022-01-10,138.574005,171.196426,311.35257,161.48599199999998,14942.830078
2022-01-11,140.017502,174.069748,312.056,165.362,15153.450195
2022-01-12,141.647995,174.517151,315.31543,165.207001,15188.389647999998
2022-01-13,139.130997,171.196426,301.97049,161.21400500000001,14806.80957
2022-01-14,139.786499,172.071335,307.320374,162.138,14893.75
2022-01-18,136.290497,168.820206,299.84042400000004,158.917496,14506.900391
2022-01-19,135.651993,165.27079799999998,300.51412999999997,156.298996,14340.259766
2022-01-20,133.5065,163.56073,298.80020099999996,151.667496,14154.019531
2022-01-21,130.091995,161.472855,293.281921,142.64300500000002,13768.919922
2022-01-24,130.371994,160.687408,293.618744,144.544006,13855.129883000001
2022-01-25,126.735497,158.858032,285.81192000000004,139.98599199999998,13539.290038999998
2022-01-26,129.240005,158.76853899999998,293.955627,138.872498,13542.120116999999
2022-01-27,129.121002,158.301254,297.056488,139.637497,13352.780273
2022-01-28,133.289505,169.347153,305.398376,143.977997,13770.570313
2022-01-31,135.698502,173.771469,308.09314,149.573502,14239.879883000001
2022-02-01,137.878494,173.602448,305.893738,151.193497,14346.0
2022-02-02,148.036499,174.825348,310.550079,150.612503,14417.549805
2022-02-03,142.650497,171.902313,298.45342999999997,138.845505,13878.820313
2022-02-04,143.016006,171.613632,303.099915,157.639496,14098.009766
2022-02-07,138.938004,170.88691699999998,298.15625,157.935501,14015.669922
2022-02-08,139.212997,174.042633,301.73269700000003,161.413498,14194.450195
2022-02-09,141.453003,175.486099,308.320984,161.189499,14490.370116999999
2022-02-10,138.60249299999998,171.344833,299.572968,159.003494,14185.639647999998
2022-02-11,134.130005,167.880524,292.301086,153.29350300000002,13791.150391
2022-02-14,135.300003,168.11944599999998,292.261475,155.167007,13790.919922
2022-02-15,136.425507,172.01181,297.680695,156.51049799999998,14139.759766
2022-02-16,137.487503,171.772903,297.333221,158.100494,14124.089844
2022-02-17,132.308502,168.11944599999998,288.62667799999997,154.65249599999999,13716.719727000002
2022-02-18,130.467499,166.546555,285.846893,152.601501,13548.070313
2022-02-22,129.40249599999999,163.57998700000002,285.638458,150.197495,13381.519531
2022-02-23,127.584999,159.349121,278.242371,144.826996,13037.490234
2022-02-24,132.67349199999998,162.00708,292.45874,151.358002,13473.589844
2022-02-25,134.519501,164.10759,295.159058,153.788498,13694.620116999999
2022-02-28,134.891006,164.376358,296.628357,153.563004,13751.400391
2022-03-01,134.167999,162.465012,292.816162,151.141998,13532.459961000002
2022-03-02,134.751495,165.809875,298.018219,152.052505,13752.019531
2022-03-03,134.307999,165.481369,293.779144,147.898499,13537.94043
2022-03-04,132.121994,162.435135,287.762939,145.641006,13313.44043
2022-03-07,126.4645,158.582581,276.892181,137.453003,12830.959961
2022-03-08,127.278503,156.730942,273.85434,136.014496,12795.549805
2022-03-09,133.865997,162.216125,286.412811,139.279007,13255.549805
2022-03-10,132.682007,157.80609099999998,283.52383399999997,146.817505,13129.959961
2022-03-11,130.475494,154.033142,278.043823,145.524506,12843.80957
2022-03-14,126.740997,149.94165,274.440063,141.852997,12581.219727
2022-03-15,129.660507,154.391541,285.072571,147.366501,12948.620117
2022-03-16,133.690506,158.871262,292.260193,153.104004,13436.549805
2022-03-17,134.600494,159.896637,293.084167,157.238998,13614.780272999998
2022-03-18,136.801498,163.241501,298.25647000000004,161.250504,13893.839844
2022-03-21,136.4785,164.635193,296.995697,161.491501,13838.459961000002
2022-03-22,140.27749599999999,168.059723,301.860229,164.88900800000002,14108.820313
2022-03-23,138.503494,169.44343600000002,297.32330299999995,163.408005,13922.599609
2022-03-24,141.311996,173.286057,301.899963,163.649506,14191.839844
2022-03-25,141.5215,173.93313600000002,301.482971,164.773499,14169.299805
2022-03-28,141.949997,174.809174,308.45224,168.99049399999998,14354.900391
2022-03-29,143.25,178.154053,313.128113,169.315002,14619.639647999998
2022-03-30,142.644501,176.969406,311.589325,166.300995,14442.269531
2022-03-31,139.649506,173.823639,306.079468,162.997498,14220.519531
2022-04-01,140.699997,173.52496299999999,307.181458,163.559998,14261.5
2022-04-04,143.642502,177.636383,312.691284,168.346497,14532.549805
2022-04-05,141.063004,174.271591,308.63088999999997,164.054993,14204.169922
2022-04-06,137.175995,171.056137,297.333221,158.755997,13888.820313
2022-04-07,136.46499599999999,171.364746,299.189697,157.7845,13897.299805
2022-04-08,134.01049799999998,169.323975,294.821533,154.460495,13711.0
2022-04-11,129.796494,165.003525,283.196259,151.121994,13411.959961
2022-04-12,128.374496,166.904938,280.019379,150.787506,13371.570313
2022-04-13,130.28599499999999,169.632584,285.53918500000003,155.541,13643.589844
2022-04-14,127.252998,164.545593,277.80551099999997,151.70649699999998,13351.080078
2022-04-18,127.960999,164.326599,278.490509,152.78500400000001,13332.360352
2022-04-19,130.53100600000002,166.646088,283.235931,158.11549399999998,13619.660156
2022-04-20,128.245499,166.476868,284.288269,153.998001,13453.070313
2022-04-21,124.9375,165.670517,278.778412,148.296005,13174.650391
2022-04-22,119.613998,161.06135600000002,272.04751600000003,144.350006,12839.290039
2022-04-25,123.25,162.146469,278.68908700000003,146.074005,13004.849609
2022-04-26,119.505997,156.093857,268.26507599999997,139.391006,12490.740234
2022-04-27,115.0205,155.86488300000002,281.17099,138.167007,12488.929688
2022-04-28,119.41149899999999,162.90303,287.53463700000003,144.596497,12871.530273
2022-04-29,114.966499,156.939987,275.51223799999997,124.281502,12334.639648
2022-05-02,117.156998,157.248627,282.411987,124.5,12536.019531
2022-05-03,118.129501,158.761765,279.741425,124.253502,12563.759766
2022-05-04,122.574997,165.272324,287.88208,125.928497,12964.860352
2022-05-05,116.746498,156.06398000000002,275.343475,116.406998,12317.69043
2022-05-06,115.660004,156.801727,272.742401,114.772499,12144.660156
2022-05-09,113.084,151.59759499999998,262.665833,108.789001,11623.25
2022-05-10,114.584503,154.040131,267.55026200000003,108.859001,11737.669922
2022-05-11,113.960999,146.054504,258.66497799999996,105.372002,11364.240234
2022-05-12,113.16100300000001,142.12648000000002,253.50263999999999,106.93049599999999,11370.959961
2022-05-13,116.51550300000001,146.662643,259.230896,113.055,11805.0
2022-05-16,114.792503,145.09741200000002,259.60812400000003,110.810501,11662.790039
2022-05-17,116.7015,148.786179,264.889679,115.3685,11984.519531
2022-05-18,112.40100100000001,140.391785,252.82932999999997,107.112503,11418.150391
2022-05-19,110.745499,136.932343,251.893936,107.319,11388.5
2022-05-20,109.313004,137.1716,251.316803,107.591003,11354.620117
2022-05-23,111.666496,142.67481999999998,259.366974,107.556999,11535.269531
2022-05-24,105.92600300000001,139.93318200000002,258.342041,104.099998,11264.450195
2022-05-25,105.8395,140.092697,261.227753,106.775002,11434.740234
2022-05-26,108.295998,143.342773,264.591125,111.077499,11740.650391
2022-05-27,112.79900400000001,149.184952,271.894989,115.1465,12131.129883
2022-05-31,114.039001,148.38738999999998,270.531769,120.209503,12081.389648
2022-06-01,114.137001,148.257797,271.079041,121.683998,11994.459961
2022-06-02,117.746002,150.75018300000002,273.228394,125.511002,12316.900391
2022-06-03,114.564003,144.937912,268.690857,122.349998,12012.730469
2022-06-06,117.010498,145.695602,267.427094,124.790001,12061.370117
2022-06-07,117.2295,148.257797,271.158661,123.0,12175.230469
2022-06-08,117.237999,147.51007099999998,269.078949,121.18,12086.269531
2022-06-09,114.917999,142.206253,263.486603,116.150002,11754.230469
2022-06-10,111.427498,136.713013,251.74469,109.650002,11340.019531
2022-06-13,106.876503,131.478958,241.06749,103.66999799999999,10809.230469
2022-06-14,107.194,132.356277,243.28652999999997,102.309998,10828.349609
2022-06-15,110.39050300000001,135.018158,250.52073700000003,107.66999799999999,11099.150391
2022-06-16,106.636002,129.66449,243.76416,103.660004,10646.099609
2022-06-17,107.865501,131.159927,246.430954,106.220001,10798.349609
2022-06-21,112.014999,135.456818,252.49099700000002,108.68,11069.299805
2022-06-22,112.033997,134.938416,251.88398700000002,108.949997,11053.080078
2022-06-23,112.684502,137.849533,257.585754,112.440002,11232.19043
2022-06-24,118.538002,141.229233,266.382294,116.459999,11607.620117
2022-06-27,116.622498,141.229233,263.586121,113.220001,11524.549805
2022-06-28,112.571503,137.022064,255.21751400000002,107.400002,11181.540039
2022-06-29,112.2565,138.80661,258.978882,108.91999799999999,11177.889648
2022-06-30,109.372498,136.304245,255.56575,106.209999,11028.740234
2022-07-01,109.081001,138.507507,258.30224599999997,109.559998,11127.849609
2022-07-05,113.887001,141.129532,261.556152,113.5,11322.240234
2022-07-06,115.21350100000001,142.48538200000002,264.899597,114.33000200000001,11361.849609
2022-07-07,119.306,145.904968,267.078796,116.33000200000001,11621.349609
2022-07-08,120.168503,146.59285,266.342468,115.540001,11635.30957
2022-07-11,116.522499,144.429459,263.207977,111.75,11372.599609
2022-07-12,114.849503,145.416443,252.42132599999997,109.220001,11264.730469
2022-07-13,112.186996,145.047577,251.476013,110.400002,11247.580078
2022-07-14,111.440002,148.01852399999999,252.82932999999997,110.629997,11251.19043
2022-07-15,112.766998,149.713333,255.456329,113.550003,11452.419922
2022-07-18,109.910004,146.62278700000002,252.99847400000002,113.760002,11360.049805
2022-07-19,114.620003,150.540817,258.252502,118.209999,11713.150391
2022-07-20,114.699997,152.574615,260.97900400000003,122.769997,11897.650391
2022-07-21,115.040001,154.877594,263.536346,124.629997,12059.610352
2022-07-22,108.360001,153.621414,259.078369,122.41999799999999,11834.110352
2022-07-25,108.209999,152.484894,257.555939,121.139999,11782.669922
2022-07-26,105.440002,151.138992,250.660034,114.809998,11562.570313
2022-07-27,113.599998,156.313202,267.417145,120.970001,12032.419922
2022-07-28,114.589996,156.871521,275.049377,122.279999,12162.589844
2022-07-29,116.639999,162.01580800000002,279.358093,134.949997,12390.69043
2022-08-01,115.480003,161.018845,276.64151,135.389999,12368.980469
2022-08-02,115.900002,159.52340700000002,273.46725499999997,134.16000400000001,12348.759766
2022-08-03,118.779999,165.62481699999998,281.07959,139.520004,12668.160156
2022-08-04,118.870003,165.305786,282.253754,142.570007,12720.580078
2022-08-05,118.220001,165.07617199999999,281.517395,140.800003,12657.549805
2022-08-08,118.139999,164.596954,278.940155,139.41000400000001,12644.459961
2022-08-09,117.5,164.646866,280.9104,137.830002,12493.929688
2022-08-10,120.650002,168.959732,287.736633,142.690002,12854.799805
2022-08-11,119.82,168.21096799999998,285.607147,140.639999,12779.910156
2022-08-12,122.650002,171.814987,290.473114,143.550003,13047.19043
2022-08-15,122.879997,172.903183,292.025421,143.179993,13128.049805
2022-08-16,122.510002,172.743439,291.269165,144.779999,13102.549805
2022-08-17,120.32,174.260925,290.501343,142.100006,12938.120117
2022-08-18,120.860001,173.86158799999998,289.35455299999995,142.300003,12965.339844
2022-08-19,118.120003,171.235947,285.345856,138.229996,12705.219727
2022-08-22,115.07,167.292496,276.969452,133.220001,12381.570313
2022-08-23,114.769997,166.953049,275.66314700000004,133.619995,12381.299805
2022-08-24,114.699997,167.252548,275.01498399999997,133.800003,12431.530273
2022-08-25,117.699997,169.748413,278.066376,137.279999,12639.269531
2022-08-26,111.300003,163.34901399999998,267.336609,130.75,12141.709961
2022-08-29,110.339996,161.11274699999998,264.48465,129.78999299999998,12017.669922
2022-08-30,109.910004,158.646835,262.23098799999997,128.729996,11883.139648
2022-08-31,109.150002,156.959625,260.735199,126.769997,11816.200195
2022-09-01,110.550003,157.69841,259.668213,127.82,11785.129883
2022-09-02,108.68,155.55195600000002,255.340408,127.510002,11630.860352
2022-09-06,107.480003,154.274078,252.5383,126.110001,11544.910156
2022-09-07,110.480003,155.701721,257.364716,129.479996,11791.900391
2022-09-08,109.41999799999999,154.204208,257.79348799999997,129.820007,11862.129883
2022-09-09,111.779999,157.109375,263.71679700000004,133.270004,12112.30957
2022-09-12,111.870003,163.159332,265.900635,136.449997,12266.410156
2022-09-13,105.309998,153.58522,251.28186000000002,126.82,11633.570313
2022-09-14,105.870003,155.05278,251.5112,128.550003,11719.679688
2022-09-15,103.900002,152.11764499999998,244.69043,126.279999,11552.360352
2022-09-16,103.629997,150.450424,244.052231,123.529999,11448.400391
2022-09-19,103.849998,154.224152,243.83284,124.660004,11535.019531
2022-09-20,101.83000200000001,156.640152,241.76866099999998,122.190002,11425.049805
2022-09-21,100.010002,153.465424,238.27848799999998,118.540001,11220.19043
2022-09-22,100.57,152.487045,240.30277999999998,117.309998,11066.80957
2022-09-23,99.16999799999999,150.18086200000002,237.25138900000002,113.779999,10867.929688
2022-09-26,98.809998,150.520309,236.7827,115.150002,10802.919922
2022-09-27,98.089996,151.508667,235.745636,114.410004,10829.5
2022-09-28,100.739998,149.59184299999998,240.392548,118.010002,11051.639648
2022-09-29,98.089996,142.244034,236.832565,114.800003,10737.509766
2022-09-30,96.150002,137.971115,232.245483,113.0,10575.620117
2022-10-03,99.300003,142.214081,240.063461,115.879997,10815.429688
2022-10-04,102.410004,145.858047,248.180588,121.089996,11176.410156
2022-10-05,102.220001,146.157532,248.49967999999998,120.949997,11148.639648
2022-10-06,102.239998,145.189148,246.09645099999997,120.300003,11073.30957
2022-10-07,99.57,139.857986,233.58174100000002,114.559998,10652.400391
2022-10-10,98.709999,140.18743899999998,228.60575899999998,113.66999799999999,10542.099609
2022-10-11,98.050003,138.749832,224.77655,112.209999,10426.19043
2022-10-12,98.300003,138.11088600000002,225.115585,112.900002,10417.099609
2022-10-13,99.709999,142.753204,233.58174100000002,112.529999,10649.150391
2022-10-14,97.18,138.150833,227.91769399999998,106.900002,10321.389648
2022-10-17,100.779999,142.174164,236.86248799999998,113.790001,10675.799805
2022-10-18,101.389999,143.511932,237.829758,116.360001,10772.400391
2022-10-19,100.290001,143.62175,235.81543,115.07,10680.509766
2022-10-20,100.529999,143.152527,235.486359,115.25,10614.839844
2022-10-21,101.480003,147.026108,241.439575,119.32,10859.719727
2022-10-24,102.970001,149.202484,246.555176,119.82,10952.610352
2022-10-25,104.93,152.08770800000002,249.955582,120.599998,11199.120117
2022-10-26,94.82,149.102661,230.669937,115.660004,10970.990234
2022-10-27,92.599998,144.560196,226.112778,110.959999,10792.669922
2022-10-28,96.58000200000001,155.482086,235.207138,103.410004,11102.450195
2022-10-31,94.660004,153.086044,231.47766099999998,102.440002,10988.150391
2022-11-01,90.5,150.400497,227.528793,96.790001,10890.849609
2022-11-02,87.07,144.78981000000002,219.481476,92.120003,10524.799805
2022-11-03,83.489998,138.650009,213.64790299999999,89.300003,10342.94043
2022-11-04,86.699997,138.380005,220.76783799999998,90.980003,10475.25
2022-11-07,88.650002,138.919998,227.22963,90.529999,10564.519531
2022-11-08,88.910004,139.5,228.22682200000003,89.980003,10616.200195
2022-11-09,87.400002,134.869995,223.87907400000003,86.139999,10353.169922
2022-11-10,94.16999799999999,146.869995,242.29716499999998,96.629997,11114.150391
2022-11-11,96.730003,149.699997,246.415558,100.790001,11323.330078
2022-11-14,96.029999,148.279999,240.871185,98.489998,11196.219727
2022-11-15,98.720001,150.03999299999998,241.290009,98.940002,11358.410156
2022-11-16,98.989998,148.78999299999998,241.729996,97.120003,11183.660156
2022-11-17,98.5,150.720001,241.67999300000002,94.849998,11144.959961
2022-11-18,97.800003,151.28999299999998,241.22000099999997,94.139999,11146.05957
2022-11-21,95.83000200000001,148.009995,242.05000299999998,92.459999,11024.509766
2022-11-22,97.33000200000001,150.179993,245.02999900000003,93.199997,11174.410156
2022-11-23,98.82,151.070007,247.580002,94.129997,11285.320313
2022-11-25,97.599998,148.110001,247.49000499999997,93.410004,11226.360352
2022-11-28,96.25,144.220001,241.75999500000003,93.949997,11049.5
2022-11-29,95.440002,141.169998,240.330002,92.41999799999999,10983.780273
2022-11-30,101.449997,148.029999,255.13999900000002,96.540001,11468.0
2022-12-01,101.279999,148.309998,254.690002,95.5,11482.450195
2022-12-02,100.83000200000001,147.809998,255.020004,94.129997,11461.5
